14,744,1,744,,,,,,,,,,,,,,,,,,,,,,,,,,
Codominant data template,,,ALL,,,,,,,,,,,,,,,,,,,,,,,,,,
Sample,Pop,Locus1,,Locus2,,Locus3,,Locus4,,Locus5,,Locus6,,Locus7,,Locus8,,Locus9,,Locus10,,Locus11,,Locus12,,Locus13,,Locus14,
1,KE1,188,188,201,207,184,184,181,193,191,197,217,217,262,265,239,248,267,267,243,259,186,186,228,228,204,204,265,265
2,KE1,188,188,204,210,184,184,181,193,194,194,217,217,259,262,245,245,261,261,247,247,174,186,234,234,196,204,270,275
3,KE1,188,188,204,210,184,184,181,193,194,194,217,217,262,274,242,248,243,261,259,259,186,186,234,234,200,200,275,285
4,KE1,188,188,204,210,184,184,185,195,197,197,220,220,262,265,245,245,267,267,247,247,186,186,228,234,200,204,265,275
5,KE1,185,185,207,207,178,184,181,191,194,194,217,217,259,265,239,248,261,267,247,255,174,186,234,234,204,208,275,285
6,KE1,188,188,204,210,184,184,181,195,191,197,220,220,262,262,248,248,249,261,259,259,186,186,228,234,196,204,275,275
7,KE1,188,188,204,210,184,184,183,195,197,197,217,217,262,262,239,245,249,261,247,259,186,186,228,240,204,208,275,285
8,KE1,188,188,207,207,172,184,179,179,194,194,217,217,262,274,245,245,249,261,255,255,186,186,234,234,196,200,275,285
9,KE1,188,188,204,210,184,184,181,193,185,197,217,217,262,265,242,248,267,267,259,259,180,186,228,228,204,212,265,275
10,KE1,188,188,204,210,184,184,185,193,191,191,217,217,259,262,239,239,249,261,243,243,186,186,234,234,204,204,265,275
11,SY1,188,188,201,201,178,178,181,193,194,194,220,220,262,265,239,248,249,261,259,259,186,186,234,234,196,204,265,270
12,SY1,188,188,204,210,184,190,181,191,191,191,217,217,262,262,248,248,249,261,247,259,186,186,234,240,200,200,270,275
13,SY1,185,188,201,201,184,190,181,195,194,194,217,217,262,265,233,236,267,267,243,259,186,186,234,234,204,204,275,285
14,SY1,188,188,204,210,178,178,183,195,194,194,220,220,259,265,245,245,243,261,259,259,180,186,234,234,196,204,265,265
15,SY1,185,188,207,207,184,190,179,179,194,194,217,217,265,265,242,248,267,267,255,259,174,186,228,240,200,200,275,275
16,SY1,188,188,207,207,184,190,185,195,191,197,217,223,259,259,245,245,243,261,259,259,186,186,228,234,200,204,275,285
17,SY1,185,188,207,207,178,184,181,193,197,197,220,220,262,274,239,248,243,261,259,247,186,186,228,234,204,204,275,275
18,SY1,185,185,204,210,172,178,183,195,194,194,217,223,259,259,248,248,249,261,247,259,174,186,234,234,196,204,270,285
19,SY1,185,188,204,210,184,190,179,179,185,197,217,220,262,265,239,245,243,261,259,259,180,186,228,234,204,204,265,270
20,SY1,188,188,201,207,184,190,181,193,191,191,220,223,262,262,245,245,243,267,247,255,174,174,228,234,196,200,265,265
21,SY1,188,188,204,210,178,184,185,195,194,194,217,217,262,262,233,233,243,267,255,255,186,186,234,234,204,212,270,275
22,SY1,185,185,204,210,184,190,183,183,191,191,223,223,262,274,239,239,243,261,239,247,186,186,228,228,204,204,275,285
23,SY1,185,188,207,207,184,184,181,183,185,191,220,220,274,274,239,239,261,261,255,259,174,186,234,234,196,204,265,275
24,SY1,185,185,204,207,178,184,193,195,185,194,217,223,259,265,236,236,261,267,259,259,180,186,228,228,204,212,275,285
25,SY1,185,185,204,210,190,190,185,185,185,197,217,217,265,265,236,239,243,249,255,255,186,186,228,234,196,204,275,275
26,SY1,188,188,210,210,178,190,181,181,191,191,220,223,262,262,236,236,243,249,259,259,186,186,234,246,196,204,275,285
27,SY1,182,188,210,210,172,190,183,195,194,194,217,217,262,265,233,233,261,267,255,255,174,186,228,246,204,204,275,285
28,SY1,185,185,204,204,184,184,183,195,194,197,223,223,262,274,233,236,249,267,255,255,180,186,228,234,204,204,275,275
29,SY1,185,188,204,207,184,184,183,185,185,185,217,220,265,274,239,248,267,267,255,259,180,186,240,240,196,204,285,285
30,SY1,188,188,204,204,178,184,179,185,197,197,220,220,262,262,239,248,243,267,243,255,186,186,228,246,200,200,275,275
31,MU1,188,188,210,210,178,190,181,181,194,194,220,220,262,265,245,245,249,261,259,259,186,186,234,246,200,204,270,285
32,MU1,185,188,207,210,178,190,183,183,191,197,220,226,259,274,242,248,249,279,259,259,168,186,228,246,204,208,265,265
33,MU1,188,188,207,210,178,178,183,185,197,197,217,223,265,274,245,245,267,267,255,255,180,186,228,228,196,204,265,265
34,MU1,185,188,207,207,184,190,181,181,194,194,217,217,262,262,239,248,249,261,247,247,180,186,240,240,204,208,270,275
35,MU1,185,185,207,207,184,190,179,195,185,197,220,223,262,274,248,248,249,279,255,259,186,186,228,246,196,200,275,285
36,MU1,182,188,207,210,178,184,195,195,191,191,217,217,259,265,239,245,249,261,247,259,174,186,228,234,204,212,265,275
37,MU1,185,185,207,210,178,190,181,183,194,194,223,223,262,265,245,245,267,267,247,255,186,186,228,228,204,204,275,275
38,MU1,182,185,204,210,172,184,193,193,188,188,217,220,262,262,242,248,243,261,255,255,180,186,234,234,204,208,275,275
39,MU1,188,188,204,204,190,190,181,195,194,194,226,226,262,262,239,239,267,267,239,259,174,174,228,228,196,204,275,285
40,MU1,188,188,204,204,172,190,193,195,185,188,217,217,274,274,239,248,243,261,255,259,174,180,228,228,204,208,275,285
41,MU1,185,185,204,213,184,190,181,185,188,191,223,223,262,265,248,248,243,273,259,259,168,186,234,246,196,200,275,275
42,MU1,185,188,204,210,184,190,179,183,185,194,217,220,262,262,233,236,249,261,255,255,186,186,228,246,204,212,285,285
43,MU1,188,188,210,210,184,184,181,183,194,197,217,223,259,259,245,245,267,279,247,259,174,180,228,228,204,204,270,285
44,MU1,185,185,210,213,178,184,193,195,197,197,217,220,262,265,242,248,243,267,255,255,180,186,240,246,196,204,285,285
45,MU1,185,188,207,213,178,184,193,195,191,194,220,220,262,262,245,245,243,267,255,255,174,186,228,234,200,200,265,265
46,MU1,182,182,213,213,184,184,185,195,185,197,220,226,259,262,239,248,243,261,243,255,174,180,228,234,204,204,265,270
47,MA1,188,188,201,201,178,178,183,183,194,194,220,220,262,265,239,239,243,261,239,247,186,186,228,234,196,204,265,265
48,MA1,188,188,201,201,184,190,183,195,191,191,217,217,262,262,236,236,267,267,255,259,186,186,228,234,196,204,265,265
49,MA1,185,185,201,201,172,178,183,195,194,194,217,217,259,262,239,239,243,261,259,259,186,186,228,234,204,212,265,270
50,MA1,188,188,204,210,178,184,183,185,194,194,220,220,262,265,239,239,243,261,255,255,168,180,228,234,196,204,265,265
51,MA1,188,188,204,204,178,190,183,183,194,194,217,217,262,262,239,239,249,261,259,259,186,186,228,228,196,204,265,270
52,MA1,185,185,201,201,178,184,181,185,191,194,217,223,259,259,236,236,243,261,255,255,186,186,234,234,204,204,265,285
53,MA1,185,185,201,204,178,178,183,183,191,191,217,220,262,265,239,239,243,243,259,259,174,180,240,240,204,204,265,265
54,MA1,185,185,204,204,178,178,181,181,194,194,220,223,262,262,236,236,243,243,255,255,168,186,228,246,196,204,265,265
55,MA1,188,188,204,210,178,184,183,183,188,194,217,217,262,262,236,236,249,249,247,259,186,186,228,234,200,200,270,275
56,MA1,188,188,204,204,184,184,181,195,188,194,223,223,259,265,236,236,249,261,255,255,174,174,228,228,200,204,275,285
57,MA1,185,185,201,201,184,184,185,185,191,197,220,220,262,262,236,236,243,249,255,255,180,186,234,234,204,208,265,275
58,MA1,188,188,201,201,178,178,181,181,188,197,217,223,259,259,236,239,243,261,243,259,174,186,228,228,196,204,270,285
59,MA1,188,188,201,201,178,190,183,183,194,194,217,217,262,262,236,236,267,267,239,255,174,180,228,228,204,204,275,275
60,MA1,185,185,204,210,178,178,183,183,185,197,220,220,262,262,236,236,243,261,255,259,186,186,234,246,196,200,275,275
61,MA1,188,188,204,210,184,190,183,185,191,191,220,220,262,265,236,239,243,261,259,259,186,186,228,246,204,212,265,285
62,MA1,188,188,201,210,178,184,183,183,194,194,220,226,259,262,236,236,249,261,243,255,186,186,228,228,204,204,275,275
63,MA1,188,188,201,210,172,184,185,185,191,191,223,223,262,262,239,239,243,261,259,259,180,180,240,246,200,204,265,285
64,MA1,188,188,201,201,172,178,183,183,188,191,220,220,262,265,239,239,261,261,255,255,174,174,228,234,204,208,265,265
65,MA1,188,188,201,201,172,184,179,179,191,191,217,223,259,262,236,239,249,249,239,247,186,186,228,234,196,204,265,275
66,MA1,185,188,207,210,178,190,183,183,188,188,217,217,262,262,233,236,243,267,239,259,180,186,228,234,204,208,265,285
67,MA1,185,188,204,207,178,190,183,195,191,191,220,220,259,259,239,239,243,261,247,259,174,186,228,228,196,200,265,265
68,MA1,185,188,201,204,178,190,181,191,188,197,217,220,262,265,236,236,243,261,255,259,180,186,234,234,196,204,265,265
69,SL1,188,188,204,204,190,190,183,183,191,191,220,220,262,262,239,239,243,267,255,255,186,186,228,234,204,204,265,275
70,SL1,188,188,204,213,172,184,181,181,188,188,220,220,262,262,239,239,243,267,255,255,186,186,228,234,196,200,265,285
71,SL1,188,188,204,204,178,184,183,183,191,191,220,226,259,265,239,239,243,261,255,259,180,186,228,228,196,204,275,275
72,SL1,188,188,204,204,178,190,181,195,188,188,217,223,259,259,239,239,243,261,255,259,174,186,234,234,204,212,265,275
73,SL1,188,188,210,213,184,190,181,181,191,191,217,217,262,262,239,239,243,267,259,259,174,180,228,228,196,204,265,285
74,SL1,185,185,210,213,190,190,179,179,188,191,220,226,262,265,233,236,243,261,255,255,180,186,228,228,196,204,265,275
75,SL1,188,188,204,207,184,184,183,183,188,188,217,223,262,265,236,236,243,243,327,327,180,186,234,240,200,204,265,265
76,SL1,185,188,207,213,178,184,179,179,191,191,220,226,259,259,233,239,261,261,255,259,174,186,228,240,204,204,265,265
77,SL1,185,188,210,213,178,190,183,185,191,197,217,223,262,262,239,239,267,267,259,259,180,180,228,228,196,204,265,275
78,SL1,188,188,213,213,172,178,183,183,188,197,217,217,259,265,236,239,243,261,259,259,174,174,240,240,196,196,275,275
79,SL1,185,188,204,207,190,190,179,179,191,191,217,223,262,265,236,239,243,261,255,259,180,186,228,228,196,204,285,285
80,SL1,185,188,207,213,184,184,183,185,188,188,217,217,262,262,239,239,243,267,255,259,174,186,234,240,204,204,265,285
81,SL1,185,185,210,213,178,184,179,185,191,191,220,226,262,262,239,236,243,261,259,259,174,180,228,240,196,200,265,275
82,SL1,185,185,213,213,172,190,183,183,188,188,217,223,262,265,239,236,243,243,255,255,180,186,228,228,196,204,265,275
83,SL1,185,188,204,204,184,190,183,183,191,191,220,226,259,259,239,239,261,261,255,327,168,186,240,240,204,212,265,265
84,SL2,185,185,201,201,184,184,179,179,188,188,217,217,262,262,233,233,243,261,255,259,186,186,234,234,204,204,265,275
85,SL2,188,188,201,201,178,184,181,181,191,191,217,217,259,262,239,239,243,267,255,255,186,186,228,234,204,212,275,285
86,SL2,188,188,201,201,184,184,181,185,191,191,217,217,262,262,239,239,267,267,255,259,186,186,228,228,196,204,265,275
87,SL2,188,188,201,201,184,190,181,181,191,191,220,226,262,262,236,236,243,261,255,255,174,180,228,234,204,204,265,265
88,SL2,188,188,207,207,184,184,181,181,188,191,217,217,262,262,236,236,243,267,327,327,186,186,234,234,204,204,265,285
89,SL2,188,188,204,204,166,184,183,185,188,188,217,217,259,262,236,236,243,267,255,259,186,186,234,234,196,200,265,265
90,SL2,188,188,201,201,184,184,183,183,191,191,220,220,262,262,236,236,243,267,259,259,180,180,228,240,196,204,265,285
91,SL2,188,188,201,201,172,178,183,185,191,197,217,217,262,262,239,239,243,267,259,259,168,186,228,234,196,204,265,265
92,SL2,188,188,201,201,172,184,183,183,188,188,217,217,259,262,239,239,267,267,259,259,174,174,234,234,196,200,265,275
93,SL2,188,188,201,201,172,184,183,183,188,191,220,220,262,262,236,236,243,267,255,259,174,186,234,240,196,204,265,285
94,SL2,188,188,207,210,184,184,183,183,191,197,217,217,259,259,239,239,243,261,255,255,186,186,234,234,196,196,265,275
95,SL2,185,185,207,213,178,190,179,179,188,197,217,220,262,265,239,239,243,261,259,259,186,186,228,234,204,212,275,275
96,SL2,188,188,207,213,184,190,183,183,188,191,220,226,262,265,239,239,243,261,255,259,174,186,228,234,196,204,275,285
97,SL2,188,188,207,213,178,190,183,185,191,191,217,223,262,262,239,239,261,261,255,259,168,180,228,234,196,204,265,275
98,SL2,188,188,201,201,184,184,181,191,188,191,217,217,262,262,239,239,243,261,259,259,180,186,228,234,196,196,265,265
99,SL2,188,188,204,204,172,184,183,195,188,191,220,220,259,262,239,239,267,267,255,259,186,186,228,234,200,200,275,275
100,SL2,185,185,201,201,184,184,181,181,191,191,217,223,259,259,236,236,243,261,255,255,180,180,234,240,196,204,275,285
101,SL2,185,188,201,201,172,178,191,191,191,197,217,217,262,265,236,239,261,261,259,259,180,186,234,234,196,196,275,275
102,SL2,185,188,207,210,184,184,183,185,197,197,220,223,262,265,236,239,267,267,255,259,174,174,228,234,204,212,265,275
103,SL2,185,185,207,213,172,184,195,195,197,197,223,223,262,262,236,239,243,243,255,255,180,180,228,228,196,204,285,285
104,TH1,185,185,204,204,172,184,181,181,185,188,217,223,262,265,236,236,267,285,259,259,186,186,234,234,208,208,265,265
105,TH1,188,188,204,204,178,190,179,179,188,197,217,223,259,265,239,239,261,261,259,259,168,180,228,234,204,212,265,285
106,TH1,188,188,210,210,178,190,185,195,191,191,220,226,262,265,239,239,267,267,259,259,180,186,234,240,204,204,265,265
107,TH1,185,185,204,204,172,184,181,181,191,197,217,223,262,265,236,236,261,267,259,259,186,186,234,234,204,208,265,265
108,TH1,182,188,201,207,184,184,179,179,182,188,217,217,259,265,236,236,267,267,255,255,180,186,228,228,204,208,275,285
109,TH1,188,188,201,201,172,190,179,179,191,191,217,223,262,262,239,239,267,285,259,259,168,180,228,234,204,204,265,265
110,TH1,185,185,207,207,172,184,183,183,191,191,217,223,259,262,239,239,243,243,259,259,186,186,234,234,204,208,275,275
111,TH1,188,188,204,204,178,178,181,195,185,191,220,220,262,265,239,239,243,285,251,259,186,186,228,228,204,208,270,270
112,TH1,188,188,204,204,178,190,181,185,191,191,220,226,262,265,239,239,267,285,259,259,174,174,228,234,204,208,265,285
113,TH1,185,185,207,210,184,190,179,191,185,188,217,223,259,259,236,236,261,267,255,255,180,186,228,228,200,200,265,265
114,TH1,188,188,204,204,172,190,179,179,194,194,217,223,262,262,239,239,267,285,259,259,180,180,228,234,204,204,265,270
115,TH1,185,185,201,201,172,190,179,179,191,191,217,223,259,259,239,239,267,285,259,259,180,180,228,234,204,204,275,275
116,TH1,185,188,201,204,178,178,185,191,191,191,217,220,259,262,236,242,285,285,251,251,174,186,228,234,208,208,270,285
117,TH1,185,188,204,207,178,190,179,181,185,188,217,223,262,265,236,239,243,285,251,255,168,180,234,240,204,208,270,275
118,TH1,182,188,204,204,172,184,179,179,191,191,220,226,259,259,239,239,267,285,255,255,174,186,234,234,204,208,275,285
119,TH1,188,188,201,207,178,178,185,195,185,191,217,223,259,262,236,242,261,285,259,259,168,180,228,228,204,204,270,270
120,TH1,185,185,201,201,178,190,181,181,191,191,217,217,262,265,236,239,285,285,259,259,180,180,228,228,204,208,265,285
121,TH1,188,188,207,207,184,190,179,185,185,188,217,223,262,265,239,239,285,285,251,251,186,186,228,234,204,208,265,265
122,TH1,188,188,204,204,172,190,179,179,194,194,217,223,259,259,236,242,267,285,259,259,186,186,228,234,200,200,275,285
123,TH1,185,185,204,204,172,190,183,183,191,191,220,220,262,262,236,239,267,285,259,259,174,174,228,234,204,204,270,285
124,TH1,188,188,207,210,178,178,181,195,191,191,220,226,259,259,239,239,267,267,251,251,180,186,234,240,204,204,270,285
125,TH2,188,188,207,213,184,184,181,193,191,191,220,226,262,265,236,236,267,285,255,255,180,180,234,234,204,208,275,275
126,TH2,188,188,204,210,184,184,183,195,191,191,220,220,262,265,236,236,267,267,255,263,180,186,234,234,204,204,270,275
127,TH2,185,188,201,201,184,184,183,183,188,188,217,217,262,265,239,245,267,285,255,255,180,180,234,234,204,204,270,270
128,TH2,188,188,204,204,184,184,183,195,185,191,220,220,262,265,239,239,273,285,255,255,180,180,234,234,204,204,265,270
129,TH2,188,188,204,204,184,184,181,193,188,188,217,217,262,265,245,245,267,285,255,255,180,186,234,234,204,204,270,275
130,TH2,185,188,210,210,184,184,183,183,191,191,220,220,262,265,239,245,285,285,255,255,186,186,234,234,204,208,275,275
131,TH2,188,191,207,207,184,184,181,191,188,188,217,217,262,262,239,245,267,285,251,251,180,180,234,234,208,208,270,270
132,TH2,188,188,207,207,184,184,181,181,188,188,220,220,262,262,239,245,267,267,255,255,180,180,234,234,208,208,265,270
133,TH2,188,188,207,207,190,190,181,181,182,182,217,217,262,262,236,245,267,267,255,255,180,180,234,234,204,204,285,285
134,TH2,188,188,198,204,184,190,183,183,191,191,220,220,262,262,236,245,285,285,255,255,180,186,234,234,204,208,270,275
135,TH2,185,185,198,204,190,190,183,195,188,188,220,226,262,265,239,245,273,273,251,255,180,180,228,228,204,208,275,285
136,TH2,188,188,198,198,184,190,181,193,191,191,217,217,262,265,239,239,273,273,255,263,180,186,234,234,208,208,270,285
137,TH2,185,188,204,204,184,190,183,183,188,188,217,220,262,262,245,245,267,273,247,247,180,186,228,234,208,208,265,270
138,TH2,185,188,207,210,184,190,181,191,188,188,217,217,262,262,239,245,273,285,255,255,180,186,228,228,204,204,285,285
139,TH2,185,188,204,210,184,190,181,181,182,182,220,220,265,265,239,245,267,267,255,263,174,180,228,234,204,208,270,275
140,TH2,185,185,207,207,190,190,181,195,191,191,217,220,262,265,239,245,267,267,251,255,180,180,228,228,204,208,275,275
141,ML1,185,188,204,204,178,184,183,195,185,194,220,220,262,265,239,239,267,285,251,259,180,186,234,234,204,204,275,275
142,ML1,185,185,204,204,184,184,181,185,182,191,220,226,262,265,236,236,267,285,259,259,186,186,228,234,204,204,275,285
143,ML1,185,188,204,204,178,178,183,183,185,185,220,226,262,265,239,239,261,261,259,259,168,180,234,234,204,212,265,275
144,ML1,188,188,201,201,172,184,181,181,191,191,217,223,262,262,242,242,243,285,259,259,174,174,234,234,204,204,265,265
145,ML1,188,188,204,204,178,184,183,183,194,194,217,223,259,265,242,242,267,267,259,259,174,180,228,234,204,204,265,275
146,ML1,188,188,201,201,178,178,183,185,185,194,217,223,259,262,239,239,261,285,259,259,174,180,234,234,204,212,265,265
147,ML1,188,188,204,204,178,178,181,193,185,185,217,217,262,265,239,239,267,285,259,259,180,186,228,228,204,208,265,285
148,ML1,185,188,207,207,184,190,181,191,191,191,220,226,262,262,236,239,285,285,251,251,186,186,228,234,204,208,265,285
149,ML1,185,188,204,204,172,190,179,181,185,188,217,223,259,265,239,239,285,285,251,255,180,186,234,234,204,208,265,275
150,ML1,185,185,204,204,184,184,185,193,182,191,217,223,262,262,236,239,279,285,251,259,174,180,228,234,204,204,270,270
151,ML1,185,185,207,210,178,178,181,193,185,185,217,223,262,265,239,242,279,285,259,259,186,186,234,240,204,208,265,265
152,ML1,185,185,204,204,172,184,181,181,191,191,217,223,262,265,242,242,267,267,251,259,180,186,234,234,204,212,285,285
153,ML1,188,188,201,201,178,184,179,191,194,194,220,220,259,265,239,242,261,267,259,259,174,186,228,228,204,208,265,270
154,ML1,188,188,201,204,172,184,193,193,185,194,220,226,259,259,239,242,279,285,251,251,186,186,228,234,200,200,265,265
155,ML1,188,188,204,207,178,178,179,181,185,188,217,217,262,262,239,242,279,279,251,255,186,186,234,234,204,204,270,285
156,ML1,185,188,204,204,178,190,179,183,182,191,220,220,259,259,239,239,279,285,251,259,174,174,228,228,204,212,270,275
157,ML1,185,188,201,201,184,190,181,181,185,185,217,223,259,262,236,239,267,285,259,259,180,186,228,234,208,208,275,285
158,ML1,185,185,204,204,172,190,185,185,191,191,217,223,262,265,236,236,267,267,251,259,180,186,228,228,204,204,275,275
159,ML1,188,188,201,204,190,190,181,183,182,182,220,226,262,265,236,239,267,279,255,255,174,180,228,234,208,212,265,270
160,ML1,188,188,201,204,184,190,181,193,185,194,217,223,259,259,236,242,243,243,255,259,174,186,228,234,204,212,265,265
161,ML1,188,188,204,204,178,184,183,183,182,191,217,217,262,265,239,242,279,285,251,255,168,180,228,234,208,212,270,270
162,ML2,188,188,201,201,184,190,183,183,185,188,226,226,262,265,236,236,267,279,255,255,180,186,228,228,204,204,270,270
163,ML2,185,185,201,201,184,184,183,183,185,185,220,226,262,262,239,239,267,285,255,255,180,180,228,234,200,200,265,275
164,ML2,188,188,204,204,184,184,183,183,185,191,220,226,262,262,242,242,267,285,255,263,180,186,228,228,204,208,270,270
165,ML2,0,0,0,0,184,184,179,179,188,188,223,223,262,262,242,242,273,285,255,255,180,180,228,234,204,212,275,275
166,ML2,188,188,204,204,184,190,183,183,185,191,226,226,262,262,236,242,267,279,255,255,186,186,228,228,204,212,265,275
167,ML2,188,188,204,204,184,184,183,183,182,188,226,226,259,259,236,236,267,285,255,255,180,180,228,228,204,208,265,275
168,ML2,188,188,204,204,184,184,183,183,185,185,226,226,262,265,236,242,267,285,255,263,180,180,228,234,204,208,270,270
169,ML2,188,188,201,207,184,184,181,193,185,188,217,223,262,265,233,239,267,279,255,255,180,186,228,228,204,208,270,270
170,ML2,188,191,204,204,184,184,181,181,182,182,217,223,262,262,236,245,267,285,255,255,180,180,234,234,196,204,265,265
171,ML2,188,188,201,201,184,190,183,183,185,185,226,226,262,265,236,245,267,285,255,255,186,186,228,234,204,204,265,275
172,ML2,185,188,201,201,190,190,183,183,185,188,217,226,259,259,236,245,267,285,255,255,180,180,234,234,204,212,275,275
173,ML2,185,188,204,204,184,184,183,183,182,182,220,226,262,265,236,242,267,285,251,251,180,186,228,234,204,212,270,270
174,ML2,185,185,204,204,184,190,183,183,185,185,220,223,262,265,236,236,273,279,255,263,180,186,234,234,204,208,275,275
175,ML2,188,191,201,204,190,190,183,183,185,185,217,217,262,262,236,242,267,285,263,263,180,180,228,240,196,204,265,275
176,ML2,185,188,201,207,184,184,181,193,185,191,223,223,262,265,233,239,267,285,251,263,180,186,234,240,204,204,265,275
177,ML2,185,185,201,204,184,190,181,193,182,188,220,226,265,265,236,245,267,285,251,263,186,186,234,234,204,212,265,265
178,ML3,188,188,204,204,190,190,183,195,185,191,220,226,262,262,236,245,267,273,255,255,180,186,228,234,204,204,265,275
179,ML3,185,185,201,207,190,190,181,195,182,188,217,226,262,262,236,245,267,273,255,255,180,186,228,234,204,208,265,275
180,ML3,188,191,201,201,184,190,181,181,185,188,217,217,262,262,236,236,267,273,255,255,180,186,234,234,204,208,265,275
181,ML3,185,188,204,210,190,190,183,195,185,191,220,220,262,265,239,248,267,285,255,263,180,186,228,234,204,208,270,295
182,ML3,188,188,201,201,184,190,183,195,185,191,217,217,262,265,236,248,285,285,247,247,174,180,234,234,204,204,270,270
183,ML3,185,188,201,201,190,190,181,181,182,188,217,217,262,262,233,233,267,285,255,255,180,180,228,234,208,208,265,275
184,ML3,188,188,201,207,184,196,183,195,182,182,217,217,262,271,236,236,267,285,255,263,180,180,234,234,204,208,265,275
185,ML3,191,191,204,210,184,190,183,195,185,185,220,226,262,265,236,236,267,273,255,263,180,186,228,228,204,204,275,275
186,ML3,188,191,204,204,184,184,183,195,182,188,220,226,262,262,236,236,267,285,255,255,186,186,234,234,204,204,270,295
187,ML3,185,185,201,201,190,190,181,193,182,182,217,217,262,262,236,245,267,285,251,251,180,180,228,234,204,204,275,275
188,ML3,185,185,201,201,190,190,181,181,182,188,217,217,262,262,239,245,273,285,255,255,180,186,228,228,204,208,270,295
189,ML3,188,188,201,201,190,190,183,195,185,191,217,217,262,262,239,245,267,285,255,255,180,186,228,234,204,212,275,290
190,ML3,188,191,201,204,184,190,181,193,185,191,217,220,262,271,236,236,273,273,255,255,180,186,228,240,204,204,295,295
191,ML3,185,188,201,207,184,184,181,181,182,188,220,226,265,271,236,245,273,273,255,263,174,180,228,228,204,208,270,295
192,ML3,185,188,207,207,190,190,183,195,182,182,217,226,271,271,245,245,285,285,247,247,180,180,234,240,204,212,275,275
193,ML3,191,191,207,207,184,196,181,181,185,191,217,217,262,262,236,248,267,285,255,255,180,186,228,234,204,204,270,295
194,ML3,188,191,201,201,184,190,183,195,185,191,220,226,262,271,233,233,267,285,255,255,180,186,228,228,204,208,270,270
195,ML3,185,185,201,207,184,184,181,193,182,188,220,220,265,271,236,236,267,273,255,263,174,180,228,234,204,212,265,275
196,ML3,188,188,204,210,190,190,181,181,182,182,217,217,271,271,236,236,267,285,247,247,180,180,228,240,204,204,265,275
197,ML3,185,188,204,204,190,190,183,195,182,182,217,217,262,271,236,236,273,273,255,263,174,174,228,240,204,208,275,275
198,ML3,188,188,201,201,190,190,183,195,185,185,217,217,262,265,236,245,273,273,255,255,186,186,228,228,204,204,270,295
199,ML3,191,191,201,201,184,190,181,193,182,188,220,226,262,262,239,245,267,285,251,251,174,186,234,240,204,208,275,290
200,ML3,188,191,201,201,190,190,181,181,182,182,220,226,262,262,239,245,285,285,255,255,180,186,228,234,204,212,295,295
201,ML3,185,185,201,204,184,196,183,195,182,188,217,217,262,262,236,236,267,285,255,255,180,186,234,234,204,204,270,295
202,ML3,185,185,201,207,184,190,181,193,185,191,220,226,262,262,236,245,273,285,251,255,186,186,228,234,204,208,275,275
203,ML4,188,188,201,207,184,190,181,181,182,188,223,223,262,262,239,245,267,285,255,259,180,186,228,228,196,204,275,275
204,ML4,188,188,201,201,184,190,181,193,191,191,223,223,262,265,236,245,267,285,255,255,180,180,234,234,204,204,270,275
205,ML4,185,185,201,201,184,190,181,181,185,191,220,220,262,265,236,236,267,267,255,259,180,186,228,234,196,204,265,265
206,ML4,185,185,201,201,184,190,181,193,185,185,223,226,262,265,236,245,219,267,255,255,186,186,228,234,204,204,270,275
207,ML4,188,188,207,207,184,190,183,183,191,191,217,223,262,265,236,239,219,267,255,255,180,186,234,234,204,204,265,275
208,ML4,185,188,204,210,184,190,181,191,191,191,226,226,262,262,239,245,267,273,243,255,180,186,234,234,196,204,265,265
209,ML4,188,188,204,210,184,190,181,181,188,188,223,226,262,262,239,239,219,267,255,259,174,180,228,234,204,208,270,270
210,ML4,188,188,201,207,190,190,181,195,188,188,217,223,265,265,245,245,267,285,255,255,180,180,234,234,196,196,265,265
211,ML4,185,185,201,201,184,190,181,181,191,191,226,226,262,265,239,245,219,267,239,255,180,186,228,234,196,204,265,265
212,ML4,185,188,210,210,184,190,181,193,188,188,217,223,262,262,239,245,267,267,255,255,180,180,228,234,196,208,265,275
213,ML4,185,188,201,201,184,190,181,181,185,191,223,223,262,265,239,245,273,285,255,255,180,186,228,228,204,204,265,275
214,ML4,188,188,210,210,184,190,183,195,182,188,223,223,262,265,239,239,267,267,255,255,180,180,234,234,196,204,275,275
215,ML4,185,185,204,207,190,190,181,193,182,182,217,217,262,262,236,245,267,285,243,255,180,186,228,234,196,196,270,275
216,ML4,188,188,204,204,184,184,183,183,185,185,217,223,262,265,245,245,267,273,255,259,180,186,228,228,204,204,265,265
217,ML4,185,188,204,207,184,184,181,191,182,188,226,226,262,262,236,236,285,285,255,255,174,180,234,234,196,204,265,270
218,ML5,188,188,204,204,184,184,181,181,182,182,223,226,262,262,236,236,219,267,239,255,180,186,228,234,204,208,270,270
219,ML5,185,188,204,204,184,184,181,181,185,191,217,223,262,265,239,245,267,273,255,255,174,180,228,228,196,204,275,275
220,ML5,185,185,204,204,190,190,183,183,182,188,226,226,262,262,239,239,219,267,255,255,180,186,228,234,204,204,265,275
221,ML5,188,188,201,207,190,190,183,195,182,182,217,223,262,265,245,245,267,285,255,255,180,186,234,234,204,208,265,275
222,ML5,188,188,204,204,184,190,181,193,185,185,223,226,262,265,239,245,219,267,243,255,180,186,234,234,196,204,270,270
223,ML5,188,188,201,201,184,190,181,193,182,188,223,223,262,262,239,245,267,267,255,259,180,186,228,234,204,208,270,270
224,ML5,185,185,201,201,190,190,181,181,182,182,217,217,265,265,239,245,273,285,255,255,174,180,234,234,204,204,265,265
225,ML5,185,185,204,204,184,190,183,195,182,188,217,223,262,265,236,239,267,267,239,255,180,180,228,234,196,196,265,275
226,ML5,185,185,204,204,184,190,181,193,185,191,220,220,262,262,239,239,267,285,255,255,180,186,228,234,196,204,275,275
227,ML5,188,188,201,204,184,184,181,181,185,191,220,223,262,265,245,245,219,267,255,255,174,186,228,228,196,196,270,270
228,ML5,185,185,201,207,184,190,183,195,182,188,223,223,262,265,239,245,267,273,255,255,174,186,234,234,204,204,275,275
229,ML5,185,188,201,204,184,190,181,193,185,185,217,223,262,265,239,245,219,267,243,255,186,186,228,234,196,204,265,275
230,ML5,188,188,201,201,184,190,183,195,185,188,223,223,262,265,236,236,267,285,255,259,180,180,228,228,196,196,265,275
231,ML5,185,188,204,204,190,196,183,183,182,182,220,220,262,262,236,236,219,267,255,255,180,186,234,234,204,204,275,275
232,ML5,185,185,204,204,190,190,183,195,185,185,217,223,262,262,236,236,267,267,239,255,174,180,228,234,196,204,270,275
233,ML5,188,188,201,204,184,190,181,193,185,188,220,223,262,265,236,245,267,267,255,255,174,186,228,228,204,208,265,265
234,ML5,185,185,201,207,184,190,183,183,182,182,223,223,262,265,239,245,267,285,239,255,186,186,228,234,196,204,265,270
235,ML5,188,188,207,207,184,184,181,191,182,185,223,223,262,265,239,245,267,285,255,255,180,180,234,234,204,204,270,270
236,ML5,185,188,207,207,184,190,181,181,185,188,220,220,265,265,236,245,267,267,255,255,174,174,234,234,204,208,275,275
237,ML5,188,188,201,204,190,196,191,191,182,191,217,223,262,265,239,245,219,267,255,255,180,180,228,234,196,204,270,275
238,ML5,188,188,201,204,190,196,183,183,182,188,223,226,262,262,245,245,219,267,243,255,174,174,228,234,196,204,265,265
239,SN1,188,188,204,210,184,184,181,193,185,185,220,220,262,265,236,236,267,285,255,263,180,186,228,234,204,212,275,295
240,SN1,188,188,204,210,178,190,181,193,185,185,220,226,262,265,239,245,267,285,255,263,180,186,234,234,204,204,275,275
241,SN1,188,191,204,204,190,190,179,191,182,182,223,223,262,262,239,239,261,285,255,263,180,180,234,234,204,212,265,275
242,SN1,188,188,201,207,184,190,185,195,185,185,220,220,262,262,239,239,267,285,255,259,186,186,234,240,204,212,275,275
243,SN1,188,188,204,210,178,184,181,193,185,185,220,226,262,262,239,239,273,285,255,263,180,186,234,240,204,208,265,275
244,SN1,185,185,201,201,184,184,181,193,182,188,220,223,262,262,242,242,267,285,255,259,180,180,234,240,204,208,265,270
245,SN1,188,188,207,207,178,190,181,193,185,191,217,217,262,265,236,236,273,285,255,263,180,186,234,234,204,208,265,275
246,SN1,188,191,210,210,184,190,183,195,182,194,223,223,262,262,236,236,267,285,255,263,180,180,234,234,204,208,275,275
247,SN1,188,188,204,210,190,190,183,195,185,191,220,226,262,262,236,248,267,267,255,263,180,186,228,234,204,204,275,285
248,SN1,185,185,201,201,190,190,183,193,185,188,217,223,262,262,239,239,267,285,255,255,180,180,234,234,196,204,275,285
249,SN1,188,188,201,201,184,190,183,193,185,185,220,223,262,265,236,248,267,285,251,251,180,180,234,234,204,204,275,275
250,SN1,188,188,207,207,184,184,181,193,185,191,220,226,262,265,245,245,267,267,255,263,180,180,228,234,200,200,265,275
251,SN1,185,191,201,201,178,190,179,191,185,185,220,226,262,265,239,239,267,279,255,263,180,186,228,240,204,212,265,270
252,SN1,188,188,201,207,190,190,185,195,182,188,220,223,262,262,242,242,279,279,263,263,180,186,228,234,204,208,265,275
253,SN1,191,191,204,204,184,190,181,193,185,191,217,217,262,262,236,236,267,279,255,263,180,180,228,240,204,204,275,275
254,SN1,185,188,207,207,178,184,181,193,182,194,223,223,262,265,236,236,279,285,251,263,186,186,228,240,196,204,275,285
255,SN1,185,191,204,207,184,184,181,193,185,191,220,226,262,262,236,248,273,273,255,255,180,186,234,240,204,204,275,285
256,SN1,185,188,204,210,178,190,183,195,185,188,217,223,259,259,239,239,273,285,251,251,180,180,234,234,200,200,285,285
257,SN1,185,188,204,204,184,190,183,193,185,185,220,223,262,265,236,248,267,285,255,263,180,186,228,228,204,212,265,265
258,SN1,185,185,204,210,184,184,193,195,182,191,220,226,259,265,245,248,267,279,263,263,180,180,228,228,204,208,265,265
259,IN1,182,188,204,210,166,166,181,181,191,191,223,223,262,262,242,248,267,273,255,255,180,186,228,234,204,208,265,265
260,IN1,188,188,201,201,166,166,181,181,191,191,221,221,262,262,236,242,267,273,255,255,180,186,228,234,204,204,265,265
261,IN1,185,188,207,207,184,184,181,193,182,182,217,223,262,265,236,236,267,285,247,255,180,180,228,228,204,204,275,285
262,IN1,188,173,207,207,184,190,181,193,185,185,220,220,262,262,233,242,267,267,243,243,180,186,228,228,196,204,275,285
263,IN1,188,188,204,210,184,184,181,193,194,194,220,226,262,265,239,239,267,267,243,255,180,186,234,234,196,204,275,285
264,IN1,173,188,207,207,184,184,181,193,188,194,226,226,262,265,233,233,267,273,255,255,180,186,228,234,204,204,275,275
265,IN1,182,188,201,204,166,184,183,195,182,185,217,223,262,265,236,242,267,267,243,255,180,186,216,228,196,196,265,275
266,IN1,185,188,204,207,166,190,181,191,182,185,217,217,262,265,236,236,267,267,239,255,180,186,234,234,196,196,275,275
267,IN1,182,185,204,204,166,184,183,195,185,191,220,220,262,262,236,236,273,285,223,255,186,186,228,234,196,196,265,265
268,IN1,185,188,207,210,184,184,181,191,182,191,220,226,259,259,233,233,267,267,255,255,186,186,228,228,196,204,265,265
269,IN1,185,185,204,210,166,190,183,195,185,194,217,217,259,259,236,242,273,285,243,243,186,186,216,234,196,204,275,285
270,IN1,182,185,210,213,184,190,183,183,191,194,217,217,262,262,239,239,267,285,243,255,180,180,228,234,196,204,275,285
271,IN2,185,185,201,201,190,196,181,181,182,182,217,223,262,262,239,239,267,267,243,255,180,186,228,234,204,208,265,275
272,IN2,188,188,210,210,0,0,181,181,185,185,217,217,262,262,242,242,267,273,239,255,180,186,228,228,196,200,265,265
273,IN2,188,188,204,204,190,190,181,181,185,191,220,220,262,262,236,242,267,267,223,255,186,186,228,234,196,204,275,275
274,IN2,0,0,207,213,184,190,181,181,191,191,220,226,262,265,236,236,267,267,255,255,186,186,234,240,204,204,275,275
275,IN2,0,0,201,201,184,184,181,181,182,188,217,217,262,262,236,236,267,267,243,243,186,186,228,228,196,204,265,275
276,IN2,188,188,201,201,166,184,181,181,182,188,217,217,262,265,233,233,267,267,243,255,180,180,228,234,196,196,275,275
277,IN2,173,173,204,204,190,190,179,179,182,185,217,217,262,265,236,242,267,273,243,255,180,186,228,228,196,196,265,265
278,IN2,191,191,204,204,190,196,181,181,182,188,217,217,262,262,239,239,267,273,243,255,180,180,228,234,196,196,275,275
279,IN2,188,188,204,204,190,190,181,181,191,191,220,220,259,259,242,242,267,267,243,243,180,186,234,234,196,204,275,275
280,IN2,188,188,204,204,184,196,181,181,182,182,214,214,259,259,236,236,267,273,243,255,180,186,234,234,196,208,265,265
281,IN2,188,188,198,198,184,190,181,181,191,191,217,217,262,262,242,242,267,267,243,243,180,186,234,234,196,204,275,275
282,IN2,185,185,243,243,184,184,181,191,182,182,217,217,262,262,236,236,267,279,255,255,180,180,228,234,204,208,265,275
283,IN2,188,188,204,204,190,190,181,181,185,185,220,220,262,262,236,236,267,267,239,239,186,186,234,234,200,208,275,275
284,IN2,173,188,201,204,190,190,179,181,182,188,217,217,262,262,236,242,267,267,223,255,180,180,216,228,196,204,275,275
285,IN2,173,173,201,204,184,190,179,181,182,188,217,217,262,265,239,239,273,285,255,255,180,186,228,234,196,208,265,275
286,IN2,173,188,207,210,184,184,179,181,182,185,220,220,262,262,236,242,267,267,243,243,180,186,216,234,196,204,275,275
287,IN2,173,191,204,207,166,184,179,191,182,188,214,214,262,265,236,236,273,285,239,255,186,186,234,234,204,208,265,265
288,IN2,188,191,198,210,190,190,179,181,191,191,214,217,262,265,242,242,267,279,243,255,186,186,228,228,200,208,265,265
289,IN2,185,191,210,213,190,196,179,191,182,182,217,217,262,262,236,239,267,267,239,255,186,186,228,228,204,208,275,285
290,IN2,185,188,213,243,190,190,179,179,182,191,214,220,262,265,236,239,267,273,223,243,180,180,216,216,196,200,275,285
291,IN2,188,188,198,204,184,196,179,179,182,182,214,220,262,262,239,239,267,279,243,255,180,186,216,228,196,204,265,275
292,IN2,173,185,201,210,184,190,183,195,185,188,220,220,262,265,239,239,267,273,243,243,180,180,228,234,204,204,265,265
293,IN3,188,191,207,213,184,184,183,183,182,185,217,217,262,265,242,242,267,267,239,255,180,186,228,234,196,204,275,275
294,IN3,185,191,201,201,190,190,181,181,182,188,217,217,262,262,236,242,267,279,243,255,180,186,228,228,196,196,275,275
295,IN3,185,188,201,201,190,190,181,181,191,191,220,220,259,259,236,242,267,267,239,255,180,186,228,234,196,204,265,275
296,IN3,188,188,204,207,190,196,181,181,182,182,214,214,259,259,239,239,273,285,223,243,180,180,234,234,196,208,275,275
297,IN3,173,185,204,204,190,190,181,181,191,191,217,217,262,262,242,242,267,279,243,255,180,180,234,234,196,204,265,265
298,IN3,173,185,204,210,184,196,181,181,182,182,217,217,262,262,236,236,267,267,243,255,180,186,234,234,204,208,275,275
299,IN3,191,191,204,204,184,196,179,181,185,185,220,220,259,259,242,242,267,273,243,255,180,186,228,234,196,200,275,275
300,IN3,188,188,198,198,184,190,179,179,182,188,217,217,262,262,236,236,267,279,243,255,186,186,234,234,196,204,275,285
301,IN3,188,188,213,213,184,184,181,181,182,188,214,217,262,265,236,236,267,273,243,243,186,186,216,228,204,204,275,285
302,IN3,188,188,204,204,190,190,181,181,182,185,217,217,262,262,236,242,267,267,243,255,186,186,228,234,196,204,265,275
303,IN3,185,185,201,204,190,190,181,181,191,191,220,220,262,265,239,239,267,279,243,243,180,180,216,234,196,196,265,265
304,IN3,185,185,201,210,184,196,179,181,182,182,214,214,262,265,242,242,267,267,255,255,180,186,234,234,196,196,275,275
305,IN3,185,191,207,210,184,190,179,181,182,191,217,220,262,262,236,242,267,267,239,239,180,180,228,228,196,196,275,275
306,IN3,185,191,198,204,184,184,181,193,182,182,217,217,259,259,236,236,267,273,223,255,180,186,228,228,196,204,265,265
307,IN3,188,188,204,213,190,190,181,193,185,188,220,220,259,259,236,239,267,267,255,255,180,186,216,216,204,204,265,265
308,IN3,185,188,210,210,190,190,181,193,182,185,214,217,262,262,236,242,267,279,243,243,180,186,216,228,208,208,275,275
309,PL1,188,188,204,204,184,184,181,193,185,185,223,223,262,265,239,245,219,267,255,255,186,186,234,234,204,208,270,275
310,PL1,188,188,201,201,184,184,183,183,191,191,223,223,262,265,236,236,219,267,255,255,180,186,228,234,204,204,265,275
311,PL1,188,188,204,210,190,196,183,183,191,191,226,226,262,265,236,242,267,267,243,255,180,180,234,234,204,204,265,265
312,PL1,185,185,201,201,190,190,181,181,188,188,223,223,262,262,236,236,219,267,255,259,180,186,234,234,204,204,270,270
313,PL1,188,188,201,201,184,190,181,181,188,188,217,223,262,262,236,236,267,285,255,255,180,186,228,234,204,204,265,265
314,PL1,188,191,204,204,184,190,183,183,191,191,226,226,262,265,236,236,219,267,239,255,174,180,234,234,204,204,265,265
315,PL1,185,188,201,201,184,184,179,179,188,188,223,223,262,262,236,236,267,267,255,255,180,186,234,234,204,204,265,275
316,PL1,188,188,204,204,184,190,183,183,185,188,223,223,262,265,236,236,267,267,255,255,174,180,234,234,196,204,265,275
317,PL1,185,185,201,201,184,184,183,183,191,191,223,223,262,265,236,236,267,267,239,255,180,180,228,234,204,204,265,265
318,PL1,182,188,204,204,184,190,183,195,191,191,226,226,262,265,242,242,267,267,255,255,174,180,234,234,204,204,265,265
319,PL1,188,188,204,204,184,190,183,183,185,191,226,226,262,265,236,236,267,285,243,255,180,186,234,234,204,204,265,270
320,PL1,191,191,204,204,190,190,181,181,191,191,223,223,262,262,236,236,267,267,243,255,174,180,228,234,204,204,265,265
321,PL1,185,191,201,201,184,190,183,183,188,188,217,223,262,265,236,236,219,267,255,259,180,186,234,234,204,204,270,270
322,PL1,185,185,204,204,184,190,179,179,185,188,226,226,262,265,236,236,267,285,243,255,174,180,234,234,196,204,265,265
323,PL1,188,191,201,201,184,184,183,183,191,191,223,223,262,265,236,236,219,267,255,259,180,180,234,234,204,204,265,265
324,PL1,188,188,201,204,184,190,183,183,191,191,217,217,262,265,236,236,267,267,255,255,174,180,228,234,204,204,265,275
325,PL1,185,188,201,204,184,184,183,195,185,191,223,226,262,262,236,242,267,267,243,255,180,186,234,234,196,196,265,275
326,PL2,182,188,204,204,184,190,183,183,194,194,226,226,262,265,239,242,273,273,255,259,180,186,228,228,196,204,265,265
327,PL2,188,188,204,204,172,172,183,195,194,194,220,226,262,262,239,239,267,273,239,255,186,186,228,234,204,208,265,275
328,PL2,188,188,201,201,166,184,181,191,182,188,223,223,262,262,236,236,273,273,255,259,186,186,234,234,196,204,265,265
329,PL2,188,188,204,204,184,190,183,195,185,194,223,223,262,265,236,242,273,273,259,259,186,186,228,234,204,204,265,265
330,PL2,188,188,201,201,184,190,183,183,188,188,214,223,262,265,236,242,267,267,255,255,180,180,228,228,196,204,265,265
331,PL2,188,188,201,201,184,184,183,183,182,188,223,223,262,262,236,236,273,273,243,255,180,186,228,228,204,208,265,265
332,PL2,185,185,201,201,166,184,179,179,188,188,217,217,259,259,239,239,267,273,243,255,186,186,228,228,196,204,265,275
333,PL2,182,188,201,204,172,172,181,181,194,194,223,223,262,262,239,242,267,273,255,255,180,186,216,228,204,204,265,265
334,PL2,188,188,201,204,166,172,181,181,182,188,221,221,262,265,239,239,273,273,255,255,180,186,228,234,204,204,265,265
335,PL2,188,188,201,207,166,184,179,179,185,194,217,223,262,265,236,236,273,273,247,255,180,180,234,234,196,204,275,285
336,PL2,182,182,201,207,172,184,181,181,188,188,220,220,262,262,236,242,267,267,243,243,180,186,228,234,204,208,285,285
337,PL2,182,185,204,207,184,184,181,181,182,188,223,223,259,259,236,242,273,273,259,259,180,186,228,228,208,208,285,285
338,PL2,182,185,204,207,172,190,183,195,182,188,214,223,259,262,236,236,267,267,255,255,180,186,216,228,196,196,265,275
339,PL2,182,188,204,204,172,190,181,191,182,194,217,217,259,265,242,248,267,273,243,255,180,186,228,228,196,208,265,275
340,PL2,185,188,207,207,190,190,183,195,182,182,223,223,259,259,236,242,267,273,255,255,180,186,228,228,196,204,275,275
341,CM1,188,188,204,210,184,190,183,195,182,188,223,223,262,262,242,248,267,273,255,263,180,180,234,234,204,208,265,275
342,CM1,188,191,204,207,184,196,181,193,185,185,217,223,262,265,233,233,267,267,255,255,180,180,234,234,204,208,265,275
343,CM1,188,188,204,210,172,178,181,193,182,188,223,223,262,262,239,245,267,291,255,255,180,180,228,228,208,208,265,270
344,CM1,185,188,204,210,184,184,181,193,182,188,220,220,262,262,239,239,267,267,255,255,180,180,234,234,204,208,265,265
345,CM1,188,194,210,210,190,190,183,195,182,188,223,223,262,271,239,242,267,267,255,255,180,198,234,234,204,204,265,265
346,CM1,188,188,204,210,184,184,183,195,185,185,223,223,262,262,236,245,267,267,255,255,180,180,228,234,204,204,265,265
347,CM1,188,188,204,210,184,184,183,195,185,185,223,223,262,265,236,245,267,267,255,255,180,180,228,234,204,204,265,265
348,CM1,191,194,204,210,184,184,183,195,185,197,223,223,262,265,242,242,267,267,255,255,180,180,234,234,204,208,265,265
349,CM1,188,191,207,207,184,184,183,193,182,182,220,220,262,271,239,239,267,285,255,263,180,180,234,234,204,208,265,265
350,CM1,188,188,204,210,184,190,183,195,185,191,217,223,262,262,239,245,267,285,255,255,180,180,234,234,204,204,265,275
351,CM1,188,188,204,210,184,190,183,195,185,191,223,223,262,265,239,239,267,285,255,255,180,186,234,234,204,204,265,265
352,CM1,185,185,204,204,184,184,183,193,182,188,223,223,262,265,239,239,267,285,255,255,180,180,228,234,204,212,265,265
353,CM1,188,188,204,210,184,184,183,195,185,191,223,223,262,265,239,245,267,285,255,255,180,180,234,234,204,208,265,265
354,CM1,188,191,204,210,184,184,183,195,182,182,223,223,262,265,239,239,267,267,255,255,180,180,234,234,204,212,265,265
355,CM1,185,194,204,204,184,184,183,195,185,197,223,223,262,262,239,242,267,285,255,255,180,180,234,234,204,208,265,265
356,CM1,185,188,207,207,184,184,181,193,182,188,223,223,262,262,242,242,267,285,255,255,180,180,234,234,204,204,265,265
357,CM1,188,188,204,207,184,190,181,193,185,185,223,223,262,265,239,245,285,285,251,263,180,180,234,234,204,204,265,265
358,CM1,185,188,204,210,184,196,183,195,185,191,217,220,262,265,236,248,285,285,251,255,180,198,228,234,204,212,265,265
359,CM1,188,191,210,210,172,178,183,195,185,191,220,220,262,265,236,236,285,285,251,263,180,180,228,234,204,208,265,265
360,CM1,188,191,210,210,184,184,183,195,182,188,217,223,262,265,239,239,267,273,255,263,180,180,234,234,208,212,265,275
361,VT1,188,188,204,210,190,190,181,193,185,191,217,223,262,265,239,239,267,273,239,255,180,198,234,234,204,204,265,265
362,VT1,182,185,204,210,184,184,181,193,182,182,211,211,262,265,239,239,273,273,239,255,186,186,228,234,196,204,265,265
363,VT1,188,191,204,210,184,190,193,193,191,191,223,223,262,265,242,242,267,273,255,263,180,198,234,234,196,196,265,265
364,VT1,188,188,204,204,184,184,179,191,188,191,217,223,262,265,239,239,273,273,255,263,180,186,228,234,204,204,270,270
365,VT1,188,188,204,207,184,190,181,191,185,191,217,217,262,265,239,239,273,273,243,251,198,198,228,234,196,204,275,275
366,VT1,188,188,204,210,190,190,181,193,185,191,217,229,262,265,236,239,267,267,255,255,180,186,228,228,204,208,275,275
367,VT1,188,191,204,210,190,190,181,193,185,191,217,217,262,265,236,248,273,285,255,255,180,198,234,234,196,204,275,275
368,VT1,188,188,210,210,184,196,179,191,188,188,217,217,262,265,236,236,267,267,239,247,180,180,228,234,204,204,265,270
369,VT1,188,188,204,207,184,196,181,193,191,191,223,223,262,265,236,239,267,273,243,251,180,180,228,228,204,208,275,285
370,VT1,185,185,204,210,184,190,181,193,188,194,217,217,262,265,239,239,273,273,251,263,180,198,234,234,196,204,265,285
371,VT1,182,188,204,210,184,190,181,193,182,191,217,223,262,265,239,239,273,273,239,255,180,186,228,234,204,208,275,285
372,VT1,185,188,207,207,190,190,181,181,182,191,223,223,262,265,236,248,267,285,243,255,180,180,228,228,196,204,270,270
373,VT1,182,188,207,207,184,184,179,179,191,194,223,226,262,265,236,236,273,273,243,255,186,198,228,228,204,204,270,275
374,VT1,188,191,210,210,190,190,179,179,191,194,226,226,262,265,236,248,267,273,243,251,186,198,228,234,196,204,270,275
375,VT1,188,188,210,213,184,184,181,181,182,188,223,226,262,265,236,236,285,285,255,263,180,198,228,228,196,204,285,270
376,VT1,182,182,213,213,184,190,181,191,185,188,226,226,262,273,236,239,267,267,255,255,180,186,234,234,204,208,270,270
377,CH1,188,188,210,210,184,190,193,193,188,188,217,223,262,265,239,239,267,267,239,255,180,186,228,234,204,204,265,265
378,CH1,182,185,204,207,184,190,179,191,188,188,211,211,262,265,239,239,267,273,239,255,186,186,234,234,196,196,275,275
379,CH1,188,191,204,210,190,190,181,191,191,191,223,223,262,265,239,239,267,273,255,263,180,186,234,234,204,204,270,275
380,CH1,188,188,204,210,190,190,181,193,191,191,217,223,262,265,239,239,273,273,255,263,180,186,228,234,196,204,270,275
381,CH1,185,188,204,210,184,190,181,193,191,191,217,217,262,265,242,242,273,273,243,251,198,198,234,234,196,196,275,275
382,CH1,188,188,204,204,184,184,179,191,191,191,217,229,262,265,239,239,273,273,255,255,180,186,228,234,204,204,275,275
383,CH1,188,188,204,207,184,190,181,193,191,191,217,217,262,265,239,239,273,273,255,255,180,198,228,234,196,204,275,275
384,CH1,188,188,204,210,190,190,181,193,185,191,217,217,262,265,236,239,267,267,239,247,180,180,228,228,204,208,265,270
385,CH1,188,188,204,210,190,190,181,193,185,191,223,223,262,265,236,248,273,285,243,251,180,180,234,234,196,204,275,285
386,CH1,188,188,204,210,184,184,181,193,182,188,226,226,262,265,236,236,267,267,255,255,180,186,228,234,196,200,275,275
387,CH1,188,194,204,210,184,190,181,195,185,191,220,229,262,265,239,239,267,267,255,255,180,186,234,234,196,204,275,285
388,CH1,185,185,210,210,184,184,181,193,185,188,223,223,262,265,239,239,273,273,255,255,186,186,228,228,200,200,270,295
389,CH1,188,188,210,210,184,196,181,193,185,188,217,223,262,265,239,239,267,273,243,255,186,186,228,234,196,200,275,285
390,CH1,188,188,210,210,184,190,181,193,185,185,217,223,262,265,242,245,267,267,255,255,180,186,228,234,196,200,275,285
391,CH1,188,188,210,213,190,190,181,193,185,185,220,223,262,265,242,242,267,273,259,259,180,186,228,234,204,204,265,270
392,CH1,185,188,204,210,190,190,181,193,185,191,217,217,262,265,239,242,267,267,243,255,186,186,234,234,196,204,265,275
393,CH1,182,188,204,210,184,190,179,195,185,191,217,217,262,265,239,242,267,273,243,259,186,198,228,228,196,204,275,285
394,CH1,185,188,210,210,184,184,181,193,182,188,217,217,262,265,236,236,267,267,243,255,180,186,228,234,204,208,275,285
395,CH1,185,188,210,210,184,184,181,193,185,191,226,226,262,265,239,239,267,267,243,243,180,186,234,234,196,204,275,285
396,CH1,188,188,204,204,184,190,193,193,185,188,220,229,262,265,236,245,273,273,255,255,186,186,228,228,196,200,265,275
397,CH1,188,188,204,204,184,184,181,181,188,191,223,223,262,265,239,245,267,273,243,243,186,186,228,234,196,204,275,285
398,CH2,188,188,201,207,190,190,179,193,191,191,217,217,262,265,239,239,267,267,259,259,180,186,234,234,204,208,275,275
399,CH2,188,188,204,210,184,184,179,179,191,191,217,217,262,265,236,236,267,267,255,255,180,186,234,234,196,204,275,275
400,CH2,188,188,204,207,184,184,181,181,194,194,217,217,262,265,242,248,273,279,255,259,186,186,228,228,204,204,275,275
401,CH2,182,182,204,204,166,184,179,191,188,188,217,217,262,265,239,239,267,267,255,255,186,186,228,228,204,204,265,275
402,CH2,188,188,204,204,184,184,183,193,188,188,217,217,262,265,239,239,267,267,255,255,180,186,234,234,204,208,265,275
403,CH2,188,188,204,204,184,190,181,181,191,191,217,223,262,265,239,239,267,267,255,255,180,186,228,234,204,208,265,275
404,CH2,188,188,207,207,184,190,179,179,188,188,220,220,262,265,239,239,267,267,255,255,180,186,234,234,204,204,270,275
405,CH2,182,188,204,210,184,190,179,179,188,188,217,226,262,265,239,248,267,267,255,255,186,186,228,228,204,208,275,275
406,CH2,188,188,204,204,190,190,179,193,185,191,220,223,262,265,242,245,273,279,243,255,180,186,228,234,204,208,265,275
407,CH2,182,182,204,210,190,196,179,193,185,191,217,223,262,265,242,245,273,279,239,255,180,186,228,234,204,208,265,275
408,CH2,188,188,204,204,184,184,179,179,188,188,217,217,262,265,236,236,267,267,255,255,186,186,234,234,204,212,275,275
409,CH2,188,188,204,204,184,184,183,183,185,185,217,217,262,265,239,239,267,267,255,255,186,186,228,234,204,204,275,275
410,CH2,182,188,204,204,184,184,181,193,185,197,220,220,262,265,239,239,267,267,255,259,186,186,234,234,204,204,265,275
411,CH2,182,188,207,207,184,190,179,193,188,188,217,217,262,265,239,239,267,279,243,255,180,186,228,228,204,208,275,275
412,CH2,182,188,204,210,184,190,179,193,185,191,217,223,262,265,239,239,267,267,255,255,180,186,234,234,204,208,265,265
413,CH2,182,188,204,204,190,190,179,179,185,191,220,220,262,265,239,248,267,273,255,255,186,186,228,234,200,212,265,265
414,CH2,188,188,204,210,190,196,183,183,188,197,217,226,262,265,242,245,273,279,243,255,180,186,234,234,204,204,265,275
415,CH2,188,188,207,207,184,184,181,193,185,185,220,223,262,265,242,245,273,279,239,259,180,186,228,228,200,204,270,275
416,CH2,182,188,210,210,184,184,179,181,188,191,217,223,265,265,242,242,267,273,255,255,186,186,228,234,208,208,275,275
417,CH2,182,182,210,210,196,196,181,181,191,191,223,223,265,265,245,245,279,279,243,243,186,186,228,228,204,208,270,275
418,CH3,188,191,210,210,184,190,181,193,191,191,217,217,262,265,236,248,267,267,255,263,186,186,228,228,200,200,265,275
419,CH3,188,188,207,207,184,184,181,191,182,182,217,217,262,265,239,239,267,267,255,263,186,186,234,234,200,208,275,285
420,CH3,188,188,204,207,184,184,179,193,194,200,217,217,262,265,239,239,267,267,255,255,186,186,228,234,200,208,275,275
421,CH3,188,188,204,204,184,184,181,193,185,194,217,217,262,265,239,239,267,267,255,255,186,186,234,234,204,212,275,275
422,CH3,188,188,204,210,184,184,181,193,188,194,217,217,262,265,239,239,267,267,251,259,186,186,234,234,196,204,275,275
423,CH3,185,185,201,207,184,184,179,179,197,203,217,217,262,265,236,236,261,261,251,251,186,186,228,234,200,208,275,275
424,CH3,188,188,204,210,184,196,181,193,185,191,217,217,262,265,239,239,267,273,255,255,186,186,234,234,196,204,275,275
425,CH3,188,191,210,210,178,196,179,179,182,191,217,223,262,265,239,239,267,267,0,0,186,186,228,228,196,196,275,275
426,CH3,188,188,204,210,184,184,179,193,191,191,217,217,262,262,233,245,267,273,255,259,186,186,234,234,204,208,275,280
427,CH3,188,188,204,210,172,178,193,193,191,191,220,226,262,265,242,242,267,267,255,263,186,186,234,234,196,204,275,275
428,CH3,188,188,204,210,184,184,181,193,188,188,217,217,262,265,239,239,267,267,239,247,174,180,234,234,204,208,275,275
429,CH3,188,188,204,210,184,184,181,181,185,191,217,217,262,265,239,239,267,267,255,255,186,186,234,234,196,204,275,275
430,CH3,188,188,201,201,184,184,179,191,185,191,217,223,262,265,239,239,267,279,255,255,186,186,234,234,204,212,275,275
431,CH3,188,188,204,210,184,190,181,193,191,191,217,223,262,265,239,239,267,267,247,255,186,186,234,234,204,204,275,275
432,CH3,188,188,204,210,184,184,181,181,191,191,217,217,262,271,239,239,267,267,255,263,180,186,234,234,204,212,275,275
433,CH3,185,185,204,204,184,184,179,179,182,188,217,223,262,262,236,236,267,279,255,255,180,180,234,234,204,204,275,275
434,CH3,185,185,204,207,184,184,179,193,188,188,217,217,262,262,239,239,267,267,255,255,186,186,234,234,204,208,275,275
435,CH3,188,188,204,210,184,184,181,181,191,191,217,217,262,265,239,239,267,267,255,263,186,186,228,234,204,204,275,285
436,CH3,188,188,204,210,184,190,181,193,191,191,217,217,262,265,239,239,267,267,255,263,186,186,228,234,204,208,275,275
437,CH3,188,188,204,204,184,190,181,181,185,185,217,217,262,265,242,242,261,261,255,255,186,186,234,234,204,204,275,275
438,CH3,188,188,204,204,184,190,179,179,185,191,220,226,262,265,242,248,267,267,255,255,186,186,234,234,204,208,275,275
439,CH3,188,188,204,204,184,184,181,181,182,182,226,226,262,265,239,239,267,267,255,255,186,186,234,234,204,208,275,275
440,CH3,188,188,204,210,184,184,181,181,185,194,217,226,262,265,239,239,267,267,255,255,186,186,234,234,204,208,275,275
441,CH3,188,188,204,210,184,184,181,193,188,188,217,223,262,265,233,233,267,267,255,255,186,186,228,234,204,204,275,275
442,CH3,188,188,204,204,184,190,181,181,191,191,217,217,262,265,239,242,267,279,255,255,186,186,234,234,204,208,265,275
443,CH4,185,185,201,201,184,190,179,179,188,188,217,217,262,262,239,239,267,267,255,255,186,186,234,234,204,212,275,275
444,CH4,188,188,204,204,184,190,181,181,188,188,217,217,262,265,239,239,267,267,243,255,186,186,234,234,204,204,275,275
445,CH4,188,188,204,204,184,190,179,193,188,188,217,217,262,265,236,236,267,267,255,255,186,186,228,228,204,204,275,275
446,CH4,188,188,204,204,184,190,181,181,188,188,223,223,262,262,239,245,267,279,255,255,186,186,228,234,204,208,275,275
447,CH4,188,188,204,210,184,184,181,181,188,188,223,223,262,265,245,251,267,279,255,255,186,186,228,234,204,208,275,275
448,CH4,188,188,204,204,190,196,183,183,188,188,217,217,262,265,239,239,267,273,243,255,186,186,228,234,204,208,275,275
449,CH4,182,188,204,204,184,190,183,183,191,191,217,217,262,262,239,239,267,267,243,255,186,186,228,228,204,204,275,275
450,CH4,188,188,201,201,184,191,181,193,188,188,217,223,262,262,239,245,273,279,255,255,186,186,228,228,204,208,275,275
451,CH4,182,185,204,204,184,190,179,181,188,191,217,217,262,265,239,239,267,273,243,255,180,186,234,234,204,204,275,280
452,CH4,188,188,204,204,184,190,181,181,182,191,223,226,262,265,236,236,267,279,255,255,180,180,228,228,204,208,275,275
453,CH4,182,182,204,204,184,184,179,193,182,191,223,217,262,265,239,245,267,267,255,255,186,186,228,234,204,212,275,275
454,CH4,185,185,204,210,190,196,181,181,188,191,217,217,262,265,245,251,273,279,255,255,186,186,228,234,204,204,275,285
455,CH4,182,188,201,204,184,190,181,183,182,191,217,223,265,265,239,239,267,279,243,243,186,186,228,234,204,204,275,275
456,CH4,185,188,201,204,184,191,179,183,182,188,217,226,262,265,239,239,267,273,243,255,180,186,228,228,204,208,275,275
457,CH5,188,188,204,204,190,190,173,173,182,188,223,223,262,265,239,245,267,267,255,259,186,186,228,228,204,208,275,275
458,CH5,188,188,201,207,184,184,179,179,188,191,217,217,262,265,239,239,267,267,255,255,186,186,228,228,204,208,275,280
459,CH5,188,188,204,210,184,190,179,179,182,191,214,214,262,271,239,239,267,267,259,259,186,186,228,228,204,208,275,275
460,CH5,182,188,201,201,184,184,181,183,182,188,220,226,262,265,239,239,267,267,255,263,186,186,228,234,204,204,275,275
461,CH5,185,185,204,210,184,184,181,181,182,191,217,226,262,265,239,248,273,279,255,255,186,186,228,228,204,204,275,275
462,CH5,188,188,204,210,184,190,181,181,188,188,217,217,265,271,236,236,273,279,255,255,186,186,228,228,196,200,275,275
463,CH5,182,188,204,210,190,190,179,179,191,191,217,217,262,265,239,239,267,279,255,255,186,186,228,234,204,204,275,280
464,CH5,182,188,204,210,184,184,181,181,188,188,226,226,262,265,239,239,267,267,255,255,180,186,228,228,196,196,275,275
465,CH5,185,188,210,210,184,190,181,193,188,188,217,223,262,265,239,239,267,273,255,263,186,186,228,234,204,204,275,285
466,CH5,185,188,201,207,184,190,181,181,188,191,220,226,262,271,236,239,267,267,255,255,186,186,228,234,204,208,275,275
467,CH5,185,188,204,210,190,190,179,179,191,191,223,223,262,271,236,239,267,267,255,255,186,186,234,234,204,204,275,275
468,CH5,185,185,201,201,184,184,181,193,188,188,217,217,265,265,239,239,267,267,247,247,186,186,234,234,204,208,275,285
469,CH5,185,185,210,210,184,190,181,193,188,188,214,214,265,271,242,242,267,267,247,255,180,186,234,234,204,212,275,275
470,CH5,182,182,201,207,184,184,173,173,182,188,217,217,271,271,239,242,273,279,263,263,186,186,228,234,204,204,275,275
471,CH5,188,188,210,210,190,190,179,179,182,191,217,223,265,271,239,242,267,279,247,263,180,180,228,234,196,204,275,275
472,CH5,188,188,201,207,190,190,179,179,182,188,217,217,262,265,239,242,273,279,255,263,180,180,228,234,196,208,275,285
473,CH6,188,188,204,204,184,190,179,179,182,191,223,223,262,265,242,245,267,267,255,259,186,186,234,234,208,208,275,285
474,CH6,188,188,204,204,184,190,179,195,188,188,223,223,262,265,236,236,267,267,255,255,186,186,228,234,204,204,275,275
475,CH6,188,188,204,204,184,190,181,188,191,191,223,223,262,265,242,242,267,267,255,259,186,186,228,234,204,204,275,275
476,CH6,188,188,204,210,184,184,181,193,188,188,223,223,262,271,239,245,267,267,255,263,180,186,228,234,204,208,275,280
477,CH6,188,188,204,210,184,190,181,193,188,188,217,217,262,265,239,257,267,273,255,255,186,186,228,234,204,208,275,275
478,CH6,185,188,204,210,184,184,181,193,191,191,223,223,262,265,239,245,267,267,255,255,186,186,228,228,204,208,270,270
479,CH6,188,188,204,204,184,184,179,179,188,188,223,223,262,265,239,239,267,267,255,255,186,186,228,228,204,204,275,275
480,CH6,188,188,204,210,184,196,181,193,191,191,220,226,262,265,239,239,267,273,255,255,186,186,228,228,204,208,275,275
481,CH6,188,188,204,204,184,184,181,193,191,191,223,223,262,265,239,239,267,267,255,255,186,186,228,228,204,208,275,275
482,CH6,185,188,204,210,184,184,179,191,185,191,223,223,262,265,239,248,267,267,255,255,186,186,228,234,204,208,275,275
483,CH6,188,188,204,210,190,190,179,179,191,191,223,223,262,265,236,236,267,267,255,255,186,186,228,228,204,208,275,275
484,CH6,185,188,204,210,184,190,181,193,182,191,217,223,262,265,239,245,267,267,255,259,186,186,234,234,204,204,275,275
485,CH6,185,188,204,210,184,184,181,193,188,188,223,226,262,271,239,239,267,267,255,255,186,186,228,234,204,204,275,280
486,CH6,185,188,210,210,184,190,181,181,191,191,217,217,262,265,239,239,267,273,259,259,180,186,228,234,204,208,275,275
487,CH6,185,188,210,210,184,196,179,179,188,188,226,226,262,265,239,239,267,267,255,263,186,186,228,234,208,208,270,270
488,CH6,185,185,204,204,184,190,181,193,188,191,217,223,271,271,239,248,267,267,255,255,186,186,228,234,204,204,275,275
489,CH6,185,185,204,204,184,184,181,193,191,191,220,226,262,265,236,236,267,273,255,255,186,186,228,228,204,204,275,275
490,CH7,188,188,204,204,184,184,173,173,188,188,217,217,262,262,239,239,267,279,255,255,186,186,228,234,196,200,275,275
491,CH7,188,188,204,204,184,190,179,179,188,188,217,217,262,262,239,239,273,279,255,255,186,186,228,228,204,204,275,275
492,CH7,188,188,204,204,184,184,179,179,188,188,217,217,262,262,230,230,267,267,255,255,186,186,228,228,196,196,275,275
493,CH7,188,188,204,204,184,184,181,183,188,188,217,223,262,265,239,239,273,279,255,255,180,186,228,228,204,204,275,280
494,CH7,188,188,204,204,184,190,181,181,188,188,217,217,262,265,239,239,273,279,255,255,186,186,228,234,204,204,275,275
495,CH7,188,188,201,207,184,190,181,181,188,188,217,217,262,262,239,239,267,279,255,263,186,186,228,234,204,204,275,285
496,CH7,182,188,204,210,184,184,179,179,188,188,217,217,262,262,239,239,267,267,255,255,186,186,234,234,196,204,275,275
497,CH7,185,185,201,201,184,184,181,181,188,188,214,214,262,262,239,239,267,279,255,255,186,186,234,234,204,204,275,275
498,CH7,188,188,204,210,184,184,183,195,188,188,220,226,262,265,239,239,267,267,255,263,186,186,234,234,196,204,275,285
499,CH7,188,188,204,204,184,184,183,183,191,191,217,226,262,265,239,239,273,273,255,255,186,186,228,234,204,204,275,275
500,CH7,188,188,204,204,184,184,183,183,188,188,217,217,262,265,242,242,267,273,255,255,180,186,228,228,204,204,275,285
501,CH7,182,182,204,210,184,190,181,181,188,188,217,217,262,262,242,242,267,279,247,247,186,186,228,228,204,204,275,275
502,CH7,182,188,204,204,184,184,183,183,182,188,217,217,262,265,242,242,267,267,247,255,186,186,234,234,204,204,275,275
503,CH7,188,188,210,210,184,184,181,195,188,188,217,217,262,265,239,239,267,267,255,263,186,186,234,234,204,208,275,285
504,CH7,185,188,204,210,184,184,181,181,188,188,217,217,262,262,239,239,267,267,255,255,186,186,228,234,204,212,275,285
505,CH7,188,188,204,210,184,184,181,183,188,188,217,217,262,262,242,242,273,279,255,255,186,186,234,234,196,204,275,275
506,CH7,185,188,204,210,184,190,183,195,188,191,217,223,262,265,239,239,267,279,255,263,186,186,234,234,204,208,275,275
507,CH7,182,182,201,207,184,184,181,181,182,191,223,223,262,262,239,242,267,267,255,255,180,180,228,228,196,204,280,280
508,CH7,182,188,204,210,184,184,183,195,182,188,217,217,262,265,239,242,273,273,255,255,180,186,234,234,204,208,275,275
509,CH7,188,188,201,201,184,190,183,183,191,191,214,217,262,265,236,236,267,273,247,247,180,180,234,234,196,208,280,285
510,CH7,185,188,204,210,190,190,183,183,188,191,217,226,262,262,239,239,267,279,247,255,186,186,228,228,204,204,275,285
511,CH7,188,188,204,204,190,190,181,181,188,191,217,223,262,262,239,242,273,279,255,263,186,186,234,234,204,208,275,275
512,CH8,188,188,204,210,184,184,179,179,188,188,223,223,262,265,236,236,267,273,255,255,186,186,228,228,196,204,275,275
513,CH8,188,188,204,210,184,190,181,195,188,188,223,223,262,265,242,242,267,273,255,255,180,186,228,234,196,204,275,275
514,CH8,188,188,204,204,184,190,181,183,188,188,223,223,262,265,242,242,273,279,255,255,186,186,228,228,204,204,275,275
515,CH8,188,188,204,210,184,190,181,183,191,191,220,226,262,262,242,242,267,267,255,255,180,186,228,234,204,204,280,280
516,CH8,188,188,207,207,184,184,179,179,185,191,217,223,262,262,242,242,267,267,255,255,186,186,222,234,196,204,275,275
517,CH8,182,188,204,204,184,190,183,183,188,188,223,223,262,262,242,242,273,279,255,263,186,186,228,228,204,212,275,275
518,CH8,185,185,204,210,184,184,181,195,188,191,217,217,262,265,239,239,267,279,255,255,186,186,234,234,196,204,275,275
519,CH8,188,188,207,207,190,190,181,181,182,191,214,217,262,265,239,242,267,267,255,255,180,180,234,234,204,208,275,275
520,CH8,182,188,204,210,184,190,181,183,182,188,217,226,262,262,239,242,273,273,247,247,180,186,228,228,196,204,275,280
521,CH8,188,188,204,210,184,184,183,195,191,191,217,223,262,262,236,236,267,273,247,255,180,180,222,234,204,208,275,275
522,CH8,185,188,201,207,190,190,181,181,188,191,223,223,262,265,239,239,267,279,255,263,186,186,228,228,196,208,275,275
523,CH8,188,191,204,210,184,184,183,195,188,188,223,223,262,265,239,242,273,279,255,255,186,186,228,234,204,204,275,275
524,CH8,188,188,201,201,184,184,183,183,191,191,223,223,262,262,236,236,267,273,247,247,186,186,228,228,204,208,275,280
525,CH8,188,188,204,210,184,190,179,179,185,191,220,226,262,262,242,242,267,273,247,255,180,186,234,234,196,204,275,275
526,CH8,188,191,204,204,190,190,181,195,185,185,217,223,262,265,239,239,273,279,263,263,186,186,234,234,196,204,275,285
527,CH9,182,188,204,204,190,190,181,183,191,191,223,223,262,262,239,239,267,267,247,263,180,186,228,234,204,204,275,275
528,CH9,182,188,204,210,184,184,181,183,188,191,223,226,262,265,239,239,267,267,255,263,186,186,222,234,204,212,275,275
529,CH9,182,188,207,207,184,190,179,179,188,188,220,226,262,265,242,242,267,273,255,255,186,186,234,234,196,204,275,285
530,CH9,188,188,204,204,184,190,183,183,191,191,217,223,262,262,236,242,267,273,255,255,186,186,228,228,204,208,275,285
531,CH9,188,188,204,210,184,184,181,195,185,191,223,223,262,262,242,242,273,279,255,255,180,180,234,234,196,204,275,275
532,CH9,188,191,207,207,184,190,181,181,185,185,217,217,262,265,236,236,267,267,255,255,180,186,234,234,204,208,275,275
533,CH9,188,188,204,210,190,190,179,181,191,191,214,217,262,265,239,239,267,267,255,255,180,180,228,228,196,208,280,280
534,CH9,188,188,204,204,184,184,179,181,188,191,217,226,262,262,239,242,267,279,255,263,186,186,222,228,204,204,275,275
535,CH9,188,191,204,210,184,190,179,181,188,188,217,223,262,265,236,236,273,279,255,255,186,186,234,234,204,208,280,285
536,CH9,188,188,207,207,190,190,195,195,191,191,223,223,262,265,242,242,267,273,255,255,186,186,234,234,196,204,275,285
537,CH9,182,188,204,204,184,184,181,195,185,191,226,226,262,262,236,239,267,273,263,263,180,186,228,228,196,204,275,275
538,CH9,182,188,204,210,184,190,181,183,185,185,217,223,262,262,239,239,273,279,247,255,186,186,222,234,204,204,275,275
539,CH9,188,188,207,207,190,190,181,183,188,191,223,223,262,265,239,239,267,267,247,255,180,186,228,234,204,204,275,275
540,CH9,182,182,204,210,184,190,179,179,188,188,226,226,262,265,239,239,267,267,255,263,186,186,228,234,196,204,275,275
541,TW1,182,188,204,204,190,190,181,181,188,188,217,223,262,265,239,239,267,267,255,259,186,186,228,234,196,204,265,265
542,TW1,188,188,207,207,184,184,181,193,188,188,217,223,262,273,233,239,267,273,255,263,180,180,222,228,204,204,275,275
543,TW1,188,188,204,204,184,190,181,193,188,188,217,226,262,265,239,239,267,267,255,255,186,186,228,228,196,204,275,275
544,TW1,188,188,204,210,190,190,181,193,188,188,217,217,262,265,239,239,267,267,255,263,174,174,228,228,204,204,265,275
545,TW1,188,188,204,210,184,190,181,181,188,188,226,226,262,265,239,239,267,267,255,255,180,186,228,228,196,204,265,275
546,TW1,188,188,204,210,184,190,181,195,188,188,217,217,262,265,239,239,267,267,255,259,180,186,222,228,204,208,275,285
547,TW1,188,191,207,207,184,190,181,193,188,188,217,223,262,273,239,239,267,279,255,263,180,186,228,228,196,204,275,285
548,TW1,188,188,204,204,184,190,183,183,188,188,217,217,262,265,239,239,267,267,255,255,186,186,228,228,204,204,265,265
549,TW1,188,188,204,210,184,184,181,195,188,188,223,223,262,265,239,239,267,267,255,255,180,186,222,222,196,196,265,275
550,TW1,188,191,204,210,184,184,181,195,188,188,217,217,262,265,239,239,267,273,255,259,186,186,228,228,200,208,275,285
551,TW1,182,188,204,204,184,184,179,183,176,182,217,223,262,262,239,239,267,273,255,255,180,186,234,234,196,204,275,275
552,TW1,182,188,204,204,184,190,179,179,188,188,217,223,262,265,239,239,267,279,255,255,186,186,222,234,204,208,265,265
553,TW1,182,188,204,210,184,190,179,179,185,191,217,226,262,265,242,242,267,273,243,259,180,180,228,228,196,204,265,275
554,TW1,188,188,204,204,184,190,181,183,191,191,217,217,262,265,239,248,267,267,255,255,186,186,234,234,204,204,275,275
555,TW1,188,188,204,204,190,190,181,181,188,188,223,223,262,262,336,336,267,267,243,255,180,186,234,234,204,204,265,275
556,TW1,182,188,204,204,184,190,181,181,182,188,217,217,262,262,239,239,267,279,243,255,180,186,228,228,204,204,275,275
557,TW1,188,188,204,204,184,190,181,195,188,188,217,226,262,265,239,239,267,273,255,255,174,186,228,234,196,204,275,275
558,TW1,188,188,204,210,184,190,179,181,188,188,217,226,262,265,239,239,267,279,255,255,180,186,222,222,204,208,275,285
559,TW1,188,188,204,210,184,184,179,195,185,185,226,226,262,265,239,248,267,273,255,259,186,186,228,234,196,204,275,275
560,TW1,182,188,204,210,184,184,179,179,188,188,217,217,262,265,239,239,267,267,239,255,186,186,228,228,204,208,275,275
561,TW1,188,188,204,210,184,184,179,179,185,188,217,217,262,265,236,236,273,273,255,255,180,186,234,234,204,208,265,275
562,TW1,188,188,204,210,184,184,0,0,188,188,217,217,262,265,239,239,267,267,255,255,186,186,228,228,204,204,265,275
563,TW2,188,191,210,210,184,190,181,193,185,191,217,217,262,262,239,257,267,267,255,263,186,186,228,228,204,208,275,285
564,TW2,188,188,204,204,166,184,183,183,188,188,220,220,265,265,242,242,267,267,255,259,186,186,228,228,204,208,265,275
565,TW2,188,188,204,204,172,184,183,183,188,188,217,217,262,265,239,239,267,267,255,255,186,186,228,234,196,204,275,275
566,TW2,188,188,210,213,184,184,181,195,188,188,220,220,262,262,236,245,267,279,255,255,180,186,228,228,196,204,275,275
567,TW2,185,188,204,204,184,190,183,183,191,191,217,223,262,265,239,239,267,267,255,255,186,186,228,228,204,204,265,275
568,TW2,188,188,204,204,184,184,179,179,188,188,217,217,262,265,239,239,267,279,255,255,186,186,234,234,196,204,275,275
569,TW2,188,188,204,204,184,184,179,179,182,182,217,223,262,265,239,239,273,273,255,255,180,186,228,234,204,204,275,275
570,TW2,185,188,204,204,184,190,183,183,188,188,217,217,262,265,239,239,267,267,255,255,180,186,228,228,204,208,280,280
571,TW2,182,188,204,204,184,184,179,179,188,188,217,217,262,262,236,236,267,273,255,255,180,186,228,234,204,204,275,275
572,TW2,185,188,204,204,184,190,181,195,188,188,220,220,262,265,239,257,267,267,255,255,186,186,222,222,204,208,275,285
573,TW2,182,188,210,213,166,184,183,183,188,191,217,217,262,273,242,242,267,279,255,255,180,186,228,234,204,208,265,275
574,TW2,182,182,204,204,172,184,183,183,188,188,220,220,262,265,239,239,267,267,255,263,186,186,228,234,196,204,275,275
575,TW2,182,182,204,210,184,184,179,179,191,191,217,223,262,265,236,245,267,279,255,259,186,186,234,234,196,204,275,275
576,TW2,185,185,204,213,184,190,179,183,182,182,217,217,262,265,239,239,267,267,255,255,180,186,228,234,204,204,265,275
577,TW2,185,185,204,210,184,184,183,183,182,188,217,223,262,265,242,257,273,273,255,255,180,186,228,228,196,204,275,275
578,TW2,185,188,204,213,184,184,183,183,188,188,217,217,262,273,239,257,267,279,255,255,180,186,228,234,204,204,275,275
579,TW2,188,188,210,210,184,190,181,195,182,188,220,223,262,265,236,242,267,267,255,255,180,180,228,234,204,208,280,280
580,TW2,182,188,213,213,184,184,183,183,182,188,217,220,262,265,239,242,267,267,255,255,180,180,222,228,204,204,265,265
581,TW2,188,188,213,213,172,172,179,179,191,191,220,220,262,273,242,245,267,273,251,251,180,186,228,234,208,208,265,285
582,TW3,185,188,207,207,178,184,181,195,188,188,217,223,262,262,236,242,267,267,255,263,186,186,222,222,208,208,265,275
583,TW3,182,188,204,207,178,178,181,183,188,188,217,217,262,262,239,245,267,267,255,255,180,186,228,234,196,204,275,275
584,TW3,188,188,204,210,178,184,183,183,191,191,226,226,262,265,239,242,267,267,255,255,186,186,228,234,196,204,275,275
585,TW3,188,188,195,195,178,184,181,183,188,188,217,217,262,265,239,248,267,267,255,255,186,186,234,234,204,204,275,275
586,TW3,185,185,204,204,184,184,177,191,188,188,217,217,262,265,233,233,267,267,251,251,180,186,228,234,204,208,275,275
587,TW3,182,188,204,210,184,184,181,181,188,188,217,217,262,262,239,239,267,267,255,259,180,186,228,228,196,204,275,275
588,TW3,188,188,204,204,172,172,183,183,188,188,217,226,262,265,239,239,267,273,243,255,180,186,228,234,196,204,275,275
589,TW3,188,188,204,204,178,184,183,183,182,188,217,226,262,265,239,239,267,273,243,255,186,186,228,234,196,204,265,275
590,TW3,185,188,198,198,184,190,183,183,191,191,220,226,262,265,239,242,267,267,255,255,186,186,228,228,204,212,265,275
591,TW3,185,188,195,204,172,178,181,183,182,182,217,220,265,265,242,248,273,273,243,255,180,186,222,228,196,212,265,265
592,TW3,185,188,204,210,184,190,181,195,188,188,217,217,262,265,242,248,267,279,247,259,180,180,228,234,204,208,275,285
593,TW3,188,188,204,210,184,184,181,183,188,188,217,217,262,265,239,245,273,273,255,263,186,186,234,234,196,200,275,275
594,TW3,185,185,207,207,184,184,177,177,188,188,217,217,262,262,239,245,267,279,255,263,186,186,228,234,204,212,275,275
595,TW3,188,188,204,210,184,184,181,181,182,188,220,226,262,265,239,248,267,267,255,263,186,186,228,228,200,208,275,285
596,TW3,185,188,204,210,184,190,181,181,188,188,217,223,262,262,242,248,267,273,255,255,186,186,234,234,204,208,275,275
597,TW3,182,188,204,204,184,184,179,179,188,188,214,220,262,262,239,245,267,273,255,255,186,186,222,234,200,200,275,275
598,TW3,182,185,204,204,184,184,179,179,188,188,217,223,262,262,236,236,273,279,255,255,186,186,228,234,196,196,265,275
599,TW3,182,182,204,210,184,190,181,183,188,188,217,223,262,265,239,239,267,279,255,255,186,186,222,228,204,212,265,275
600,TW3,188,188,204,210,184,190,181,183,188,188,217,226,262,265,239,239,267,279,255,255,186,186,228,234,196,204,275,275
601,TW3,188,188,204,204,184,184,179,179,191,191,217,217,262,262,236,245,273,279,255,255,186,186,234,234,204,204,275,275
602,TW4,188,188,204,210,184,190,181,195,188,188,217,226,262,265,239,239,267,279,255,255,186,186,234,234,196,208,275,275
603,TW4,188,194,201,201,184,190,181,195,191,191,226,226,262,265,236,236,267,267,255,263,186,186,234,234,204,208,275,285
604,TW4,188,188,207,207,184,184,181,193,182,188,217,223,262,265,239,248,267,267,255,255,186,186,228,228,204,204,275,275
605,TW4,188,188,210,210,184,190,195,195,182,182,217,226,262,265,239,248,267,267,255,255,186,186,228,234,204,208,265,275
606,TW4,188,188,204,204,176,190,181,181,191,191,217,223,262,265,239,239,267,267,259,259,180,180,228,234,204,208,265,265
607,TW4,188,188,210,210,190,190,181,193,185,191,217,217,262,265,239,239,267,267,255,255,186,186,228,234,204,208,275,285
608,TW4,188,188,204,210,184,184,179,193,182,188,217,226,262,265,239,248,267,267,255,263,186,186,228,234,204,204,265,275
609,TW4,188,188,204,207,184,190,181,181,182,188,217,217,262,265,239,245,267,279,255,255,180,186,228,234,196,204,265,275
610,TW4,188,188,204,210,178,184,179,179,188,188,217,223,262,265,236,245,267,267,255,255,186,186,228,234,204,204,275,275
611,TW4,182,188,210,210,184,184,181,195,185,188,217,226,265,265,242,248,267,267,255,255,180,186,222,228,204,208,265,265
612,TW4,185,188,204,204,184,190,181,193,182,182,217,223,262,265,239,245,267,279,255,255,180,186,228,234,204,204,265,265
613,TW4,182,185,210,210,176,190,195,195,182,188,217,217,262,265,239,245,267,267,259,259,186,186,234,234,196,204,285,285
614,TW4,182,188,204,207,190,190,181,181,185,188,217,226,262,262,239,248,279,279,255,255,180,186,228,234,204,204,265,285
615,TW4,182,185,204,210,184,184,181,193,185,191,217,217,262,265,242,248,279,279,255,263,186,186,228,228,196,208,275,275
616,TW4,185,188,204,210,184,190,179,193,185,191,217,223,262,262,239,245,267,279,255,255,180,186,234,234,204,208,265,285
617,TW4,182,182,204,207,178,184,181,181,191,191,217,223,262,262,236,236,267,279,255,263,180,180,222,234,196,196,265,265
618,JP1,185,185,210,210,184,184,181,181,188,188,223,223,262,262,236,236,267,273,255,255,180,186,228,228,196,196,275,275
619,JP1,188,188,201,201,184,184,181,181,188,188,217,217,262,265,239,239,267,267,255,255,186,186,228,228,204,204,275,275
620,JP1,188,188,204,204,184,184,179,179,182,182,220,226,262,265,239,242,267,267,255,255,186,186,222,228,196,204,275,275
621,JP1,188,188,204,204,184,184,181,193,182,188,217,226,262,262,236,245,267,267,255,255,186,186,228,234,204,204,275,275
622,JP1,188,188,204,204,184,184,181,193,188,188,217,226,262,265,236,236,267,273,255,255,186,186,234,234,196,200,265,275
623,JP1,182,188,204,204,184,184,181,193,188,188,217,226,262,265,239,239,267,273,255,255,186,186,228,234,196,196,275,275
624,JP1,188,188,204,204,184,184,181,193,185,191,220,220,262,265,239,245,267,273,255,255,186,186,228,228,204,204,275,275
625,JP1,188,188,204,204,184,184,181,181,191,191,220,220,262,262,236,236,267,273,255,255,186,186,234,234,196,200,265,275
626,JP1,182,188,204,204,184,184,181,181,185,185,220,220,262,265,236,245,267,267,255,255,186,186,222,234,196,204,275,275
627,JP1,188,188,204,204,184,184,181,181,188,188,217,217,262,262,236,236,267,279,255,255,186,186,228,228,196,196,265,275
628,JP1,185,188,204,204,184,184,181,181,188,188,217,226,262,262,239,245,267,273,255,255,186,186,228,228,196,196,275,275
629,JP1,182,182,201,204,184,184,181,191,188,188,217,223,262,262,242,245,267,267,251,251,186,186,228,228,196,204,275,275
630,JP1,185,188,204,204,184,190,183,195,185,191,217,217,262,265,239,239,273,279,255,255,186,186,228,228,196,204,275,275
631,JP1,188,188,201,201,184,184,179,179,188,188,217,226,262,265,236,236,267,267,255,255,186,186,228,228,204,204,275,280
632,JP1,185,185,204,204,184,190,181,193,188,188,217,223,262,265,239,245,267,273,255,255,186,186,234,234,196,200,275,275
633,JP1,188,188,204,204,184,184,181,193,185,191,217,217,262,262,242,245,267,273,255,255,186,186,228,234,196,196,265,275
634,JP1,188,188,204,204,184,184,181,181,188,188,217,226,262,262,239,239,267,267,255,255,186,186,228,228,196,204,275,275
635,JP1,188,188,201,204,184,184,181,181,185,191,217,226,262,262,236,236,267,279,251,251,186,186,234,234,196,204,265,275
636,JP1,188,188,204,204,184,184,181,191,185,191,220,220,262,265,239,239,267,273,255,255,186,186,222,234,204,204,275,275
637,JP1,182,188,201,201,184,184,183,195,191,191,220,220,262,265,236,236,267,267,251,251,186,186,228,228,196,200,275,275
638,JP1,188,188,210,210,184,184,179,179,185,185,220,220,262,262,236,245,273,279,255,255,186,186,222,222,196,196,275,275
639,JP1,185,188,201,201,184,184,181,193,188,188,217,217,265,265,236,236,267,267,251,251,186,186,234,234,204,204,265,280
640,JP1,182,182,204,204,184,184,181,193,185,185,217,226,265,265,239,239,267,273,255,255,186,186,228,234,196,200,275,275
641,JP1,185,188,204,204,184,184,193,193,185,185,223,223,265,265,239,245,273,273,255,255,186,186,228,228,196,204,265,265
642,JP2,188,188,204,204,184,184,181,195,185,191,217,226,262,262,239,245,267,267,255,255,186,186,228,228,196,196,275,275
643,JP2,188,188,201,204,184,184,181,193,191,191,217,226,262,262,236,236,267,273,255,255,186,186,228,228,196,204,275,275
644,JP2,188,188,204,204,184,190,195,195,185,185,217,226,262,265,236,245,273,273,255,255,186,186,222,228,204,204,275,275
645,JP2,182,188,201,204,184,184,181,181,188,188,220,220,262,265,236,236,267,273,255,255,186,186,228,234,196,200,265,275
646,JP2,188,188,201,201,190,190,181,193,188,188,220,220,262,262,239,245,267,279,255,255,186,186,234,234,196,196,275,275
647,JP2,182,182,201,201,190,190,179,193,188,188,220,220,262,265,242,245,267,267,255,255,186,186,228,234,204,204,275,275
648,JP2,182,188,201,204,184,190,181,181,185,191,217,217,262,262,239,239,267,267,255,255,186,186,228,228,196,200,265,275
649,JP2,185,185,201,207,184,184,181,181,182,182,217,226,262,262,236,236,267,273,255,255,186,186,234,234,196,204,275,275
650,JP2,185,188,204,204,184,190,181,181,182,188,217,223,262,262,236,245,267,267,251,251,186,186,222,234,196,196,265,275
651,JP2,182,188,204,204,184,184,181,181,188,188,217,217,262,265,236,236,273,279,255,255,186,186,228,228,196,196,275,275
652,JP2,188,188,201,204,184,184,181,191,188,188,217,226,262,265,242,245,267,267,251,255,186,186,228,228,196,204,275,275
653,JP2,188,188,201,204,184,190,183,195,185,191,223,226,262,265,239,239,267,279,251,255,186,186,222,228,196,204,275,275
654,AU1,188,188,210,213,184,184,181,193,188,188,217,223,262,265,239,239,267,267,239,255,186,186,228,234,212,212,275,275
655,AU1,188,188,201,210,184,184,181,181,182,182,220,226,262,265,239,239,279,279,243,255,186,186,228,228,204,212,265,275
656,AU1,188,188,201,201,184,184,181,181,185,185,217,226,262,265,239,239,279,279,239,255,186,186,228,228,204,204,265,275
657,AU1,188,188,204,204,184,184,181,181,185,185,220,226,262,265,239,239,273,279,255,255,180,180,228,228,204,212,265,265
658,AU1,188,188,204,204,184,190,181,193,185,188,217,226,259,259,236,239,267,267,255,255,180,186,228,234,212,212,275,275
659,AU1,185,185,201,204,184,190,181,193,182,185,223,226,262,262,236,239,267,273,243,243,180,186,234,234,204,212,265,265
660,AU1,185,185,201,210,190,190,181,193,188,188,217,226,262,265,236,239,267,279,239,255,180,180,228,234,204,204,275,275
661,AU1,188,188,207,210,184,190,181,181,182,182,217,223,262,265,236,239,267,273,243,255,180,180,234,234,204,212,275,275
662,AU1,185,188,198,204,190,190,179,181,185,185,220,226,262,265,236,239,267,267,239,255,180,186,228,228,212,212,275,285
663,AU1,185,188,210,213,184,184,181,193,185,185,217,226,262,265,236,236,267,279,255,255,180,186,228,228,204,212,275,285
664,AU1,185,188,201,204,184,190,193,193,191,191,220,226,262,265,236,236,267,267,243,255,186,186,228,234,204,204,265,275
665,AU1,188,191,201,201,184,184,193,193,182,182,220,220,262,265,236,239,267,267,243,255,186,186,228,228,204,212,265,265
666,AU1,173,185,204,204,184,190,181,181,182,191,220,226,259,259,236,236,267,273,243,243,186,186,228,228,204,204,275,275
667,AU1,188,191,204,210,184,190,181,181,182,182,217,226,262,262,236,236,273,273,243,255,180,180,228,228,204,212,275,275
668,AU1,185,188,204,210,190,190,179,181,185,188,226,226,262,265,236,239,267,273,243,243,180,186,228,234,204,212,265,265
669,AU2,185,188,204,210,184,190,179,179,182,185,220,220,262,265,236,236,267,273,255,255,180,180,234,234,204,204,265,270
670,AU2,185,188,201,201,166,184,179,179,182,182,220,226,262,265,236,242,243,267,239,239,180,186,228,234,204,204,275,275
671,AU2,188,191,204,204,166,184,181,193,191,191,217,223,262,262,236,236,267,273,223,243,180,180,234,234,200,208,270,275
672,AU2,185,188,201,201,166,190,181,193,182,191,226,226,262,262,239,242,273,273,239,239,180,186,228,228,204,208,270,275
673,AU2,185,191,201,207,154,184,179,179,185,194,217,226,262,262,236,236,267,273,223,243,180,180,228,234,204,212,275,275
674,AU2,188,191,210,210,190,190,179,179,182,191,217,226,262,262,242,245,243,267,223,223,174,186,234,234,204,204,275,275
675,AU2,185,191,204,210,184,190,179,179,191,191,220,223,262,262,236,236,249,267,223,243,180,186,234,234,204,204,275,275
676,AU2,185,188,201,201,166,184,181,193,188,191,223,223,262,265,236,242,267,273,223,243,174,186,234,234,200,208,265,275
677,AU2,188,191,204,207,166,184,181,193,182,191,217,217,262,265,236,236,273,273,223,243,186,186,228,234,204,208,275,285
678,AU2,191,191,204,204,166,190,179,179,185,194,217,223,262,265,239,242,243,267,243,255,174,174,228,228,204,212,270,270
679,AU2,185,185,201,201,154,184,179,179,182,191,217,217,262,265,236,236,267,273,243,243,180,180,228,234,204,212,285,285
680,AU2,185,185,201,207,190,190,179,179,173,191,214,223,262,262,242,245,273,273,243,255,186,186,234,234,200,200,270,285
681,AU2,185,185,210,210,190,190,181,193,182,191,217,217,262,265,239,239,243,273,243,243,186,186,228,234,204,204,270,285
682,AU2,188,188,204,210,184,184,181,193,185,194,217,217,262,265,239,242,267,267,255,255,180,180,228,228,200,212,270,275
683,AU2,188,188,201,201,184,190,179,179,182,182,223,223,262,265,242,245,243,267,239,239,174,186,224,226,208,212,275,275
684,AU2,188,188,201,207,184,190,179,179,191,191,217,217,262,262,239,239,267,273,223,243,180,180,234,234,200,212,275,275
685,AU2,188,188,210,210,154,184,179,179,188,188,214,223,262,265,239,242,273,273,243,255,180,186,228,234,204,204,275,275
686,AU2,188,191,201,201,190,190,181,193,191,191,217,217,262,265,239,239,243,273,243,255,186,186,234,234,204,212,270,285
687,AU2,191,191,201,207,184,184,181,193,188,188,217,217,262,262,239,242,267,267,243,243,174,174,228,234,200,200,270,275
688,AU2,185,185,210,210,184,190,179,179,185,194,223,223,262,265,236,236,243,267,255,255,180,180,228,234,204,204,275,275
689,AU2,185,185,204,210,184,190,179,179,182,191,217,217,262,262,242,245,267,273,239,239,180,180,228,228,200,212,275,275
690,AU2,185,185,201,201,154,184,179,179,191,191,223,223,262,265,242,242,273,273,223,243,174,186,228,234,208,212,270,275
691,AU3,188,188,204,210,166,184,181,181,182,191,217,217,262,262,239,245,249,267,239,255,174,186,234,234,200,208,265,275
692,AU3,188,188,201,201,154,190,179,179,185,194,214,226,265,265,242,245,267,273,255,255,180,186,228,228,204,204,275,285
693,AU3,188,188,204,207,154,184,179,179,182,191,220,220,262,262,239,239,273,273,243,255,180,186,228,234,204,204,270,270
694,AU3,185,188,204,204,190,190,181,181,182,182,223,223,262,262,239,242,267,273,243,255,174,174,234,234,200,208,275,285
695,AU3,185,188,201,201,190,190,179,179,191,191,217,217,262,262,239,239,267,273,243,243,186,186,234,234,204,208,270,270
696,AU3,185,185,204,207,184,184,181,193,173,191,217,223,262,262,239,242,243,267,243,255,180,180,234,234,204,212,285,285
697,AU3,188,188,201,201,184,190,181,193,185,194,217,217,262,262,239,245,267,273,243,243,186,186,228,234,204,212,270,285
698,AU3,191,191,201,207,166,166,179,179,182,188,214,223,262,265,242,245,243,267,255,255,174,180,228,228,200,200,270,285
699,AU3,188,188,210,210,166,166,181,181,185,191,217,217,262,265,236,245,243,267,239,239,186,186,228,234,204,204,270,275
700,AU3,188,188,204,210,166,184,181,181,182,188,217,217,262,265,236,239,267,273,223,243,180,186,228,228,200,212,275,275
701,AU3,188,191,201,201,154,166,179,181,194,194,223,223,265,265,236,245,273,273,239,239,174,180,228,234,208,212,275,275
702,AU3,185,191,207,207,166,184,181,193,191,191,217,217,262,265,236,242,267,273,223,239,174,186,228,240,200,212,270,270
703,VA1,188,188,201,207,184,190,181,193,182,182,214,223,262,265,236,236,267,273,223,243,180,186,228,234,204,204,265,270
704,VA1,188,188,201,207,166,184,181,193,191,191,217,223,262,262,236,242,243,267,239,239,180,186,234,234,204,204,275,275
705,VA1,185,185,201,201,166,184,179,179,182,191,217,217,262,262,236,236,267,273,223,243,180,186,234,234,204,208,270,275
706,VA1,185,185,204,210,166,190,179,179,185,194,214,223,262,262,239,242,273,273,223,223,180,186,234,234,204,208,270,275
707,VA1,188,188,201,201,154,184,179,179,182,191,217,217,262,262,236,236,267,273,223,243,186,186,228,234,204,212,275,275
708,VA1,188,188,204,204,190,190,181,181,191,191,217,226,262,262,242,245,243,267,223,243,174,174,228,234,204,212,275,275
709,VA1,185,185,201,201,190,190,179,179,188,188,220,220,262,262,239,239,249,267,223,243,180,180,228,234,200,200,275,275
710,VA1,188,188,201,207,184,184,179,179,191,191,217,217,262,262,239,242,267,273,243,243,186,186,234,234,204,204,265,275
711,VA1,188,188,210,210,184,190,181,181,191,191,223,223,262,265,239,245,273,273,223,255,186,186,228,234,204,212,275,285
712,VA1,188,188,204,210,166,184,181,181,185,194,217,217,262,262,239,242,243,267,223,243,174,186,228,234,208,212,270,275
713,VA1,185,185,201,201,166,190,179,179,182,191,214,223,262,262,236,236,267,273,223,243,186,186,234,234,200,212,275,275
714,VA1,185,188,204,207,154,184,179,193,191,191,217,223,262,262,242,245,273,273,223,243,174,174,234,234,204,204,265,265
715,VA1,185,188,201,201,190,190,179,181,188,188,217,217,262,265,239,239,267,273,243,243,180,180,234,234,200,204,275,275
716,VA1,185,188,201,207,184,184,179,181,173,191,208,223,265,265,239,242,243,267,223,255,174,186,228,234,204,208,265,275
717,VA1,185,188,210,210,178,190,181,193,185,191,217,217,265,265,239,245,249,267,223,255,174,180,228,234,208,208,265,265
718,VA1,188,188,210,210,184,184,179,193,182,191,217,217,262,262,242,245,273,273,223,243,186,186,234,234,200,200,275,285
719,VA1,185,185,204,210,184,190,179,181,191,191,214,223,262,262,239,239,243,267,223,243,186,186,228,234,204,204,270,275
720,VA1,188,188,204,207,166,184,179,181,188,188,217,217,262,262,239,242,267,273,223,243,174,186,228,234,204,212,275,275
721,VA1,185,188,201,201,154,184,181,193,188,191,220,220,262,265,239,245,273,273,243,243,186,186,228,234,208,212,265,265
722,VA1,185,188,201,207,190,190,181,193,185,191,217,217,265,265,239,245,273,273,223,255,174,174,234,234,200,212,275,275
723,US1,185,185,207,207,190,190,179,191,188,188,220,226,262,262,236,236,219,249,239,239,180,180,228,228,204,204,275,275
724,US1,188,188,207,207,178,190,181,193,188,188,217,217,268,268,239,239,249,249,239,239,180,186,228,228,200,208,275,275
725,US1,188,188,201,201,184,184,179,179,185,185,217,217,262,262,236,236,243,267,223,243,174,180,234,234,204,208,265,275
726,US1,188,188,201,201,166,184,179,179,170,182,211,217,262,265,236,242,267,273,223,243,180,180,228,228,200,204,275,285
727,US1,188,188,204,204,166,190,179,179,182,182,217,226,259,259,236,236,273,273,223,243,180,186,228,228,204,204,270,275
728,US1,188,188,204,207,154,184,181,193,191,191,220,220,262,262,239,245,267,273,243,243,180,186,228,228,200,204,275,275
729,US1,188,188,201,201,190,190,181,193,173,191,214,220,262,262,239,239,243,267,223,255,186,186,228,228,204,204,275,285
730,US1,188,188,204,210,190,190,181,181,182,191,208,217,262,262,236,236,249,267,223,243,180,186,228,228,204,208,275,285
731,US1,188,185,201,201,184,184,181,181,185,194,220,223,262,262,236,245,267,273,223,243,180,186,228,234,200,208,270,285
732,US1,185,188,207,207,184,184,179,179,182,191,220,226,262,262,236,242,273,273,223,243,180,180,228,234,200,204,275,275
733,US2,188,188,207,207,184,190,179,191,182,191,217,217,262,265,236,242,267,273,243,243,180,186,234,234,204,212,275,275
734,US2,188,188,201,201,184,184,191,179,191,191,217,217,259,259,236,236,273,273,239,255,180,180,234,234,200,204,270,275
735,US2,188,188,201,201,190,190,181,193,182,191,217,223,262,262,239,239,273,273,239,255,186,186,234,234,208,204,275,285
736,US2,188,188,204,204,190,190,181,193,185,194,217,217,262,262,239,239,249,249,223,243,174,174,228,234,204,208,275,275
737,US2,188,188,204,207,166,190,181,181,182,188,214,223,262,262,236,236,219,249,243,243,180,186,228,234,204,204,270,275
738,US2,188,188,207,207,154,184,179,191,173,191,217,226,262,262,236,242,243,267,223,255,180,186,228,228,204,212,265,275
739,US2,188,188,210,210,190,190,191,179,188,188,217,217,262,265,239,242,243,267,223,243,180,186,228,228,200,204,275,285
740,US2,188,188,210,210,184,184,179,179,185,185,214,223,259,259,239,245,267,273,223,243,186,186,228,228,204,204,270,275
741,US2,185,188,204,207,178,190,181,193,170,182,217,223,262,262,236,236,273,273,223,243,174,186,228,228,204,204,275,275
742,US2,188,188,204,207,184,184,181,193,182,194,217,217,262,262,236,245,267,273,243,243,180,186,228,234,208,212,270,275
743,US2,188,188,210,210,184,190,181,181,191,191,214,223,262,262,236,236,267,273,239,255,174,180,234,234,204,212,275,285
744,US2,185,188,204,204,166,184,193,193,182,182,220,220,262,262,236,236,243,267,239,255,180,180,228,234,204,208,275,275
